# CTC: global near-1989 rail approximation. See design/railways_1989.json.
1 2 2 164
2 2 2 9168
3 2 2 11099
3 2 2 11107
1 2 3 6159
1 2 3 11094
1 2 6 6121
1 2 11 109
1 2 11 3003
1 2 11 3138
1 2 12 135
1 2 12 6149
1 2 14 6115
1 2 14 9174
1 2 14 9204
1 2 15 3121
1 2 15 9123
1 2 15 11128
1 2 17 388
3 2 17 3381
3 2 17 3460
1 2 17 6558
1 2 17 9532
1 2 17 11232
2 2 17 11515
1 2 21 6118
1 2 27 144
1 2 27 9157
1 2 27 11037
1 2 31 146
1 2 31 3363
1 2 31 11124
1 2 31 11193
1 2 32 3025
1 2 32 3117
1 2 35 3106
1 2 35 6127
1 2 35 9185
1 2 35 9193
1 2 35 11163
1 2 36 134
1 2 37 136
1 2 37 3131
1 2 37 6033
1 2 39 93
1 2 39 11093
1 2 39 11131
1 2 40 6153
1 2 40 9231
1 2 45 3041
1 2 45 6171
1 2 46 3039
1 2 46 3108
1 2 46 9154
1 2 49 9051
1 2 49 9117
1 2 49 11147
1 2 52 139
1 2 52 6082
1 2 53 6176
1 2 62 164
1 2 62 3056
1 2 62 9168
1 2 63 3172
1 2 63 9038
1 2 66 195
1 2 66 3172
1 2 66 9156
1 2 67 6009
3 2 67 9073
3 2 67 9167
1 2 68 391
3 2 68 3211
1 2 68 3314
1 2 69 147
1 2 69 11070
1 2 69 11151
3 2 70 9197
3 2 70 11059
1 2 70 11174
3 2 72 75
1 2 72 6075
1 2 72 6166
3 2 72 9130
1 2 73 3066
1 2 73 9180
1 2 73 11075
1 2 75 3157
3 2 75 9199
3 2 79 149
3 2 79 3072
3 2 79 6174
1 2 79 6197
1 2 79 11068
3 2 81 3085
3 2 81 6189
2 2 81 9207
2 2 81 11083
1 2 82 120
1 2 82 9233
1 2 83 567
1 2 85 6203
1 2 85 11084
3 2 86 3008
1 2 86 3189
3 2 86 6029
3 2 87 3081
1 2 87 6016
3 2 87 7330
1 2 87 11200
1 2 88 10200
1 2 88 11124
1 2 92 3033
1 2 92 11092
1 2 93 11093
1 2 94 6021
1 2 94 9045
1 2 94 9195
3 2 95 3053
1 2 95 11097
1 2 95 11392
1 2 97 3056
1 2 97 3190
1 2 97 6077
1 2 97 6215
1 2 99 108
1 2 101 3095
1 2 101 6055
1 2 101 9083
1 2 102 3093
1 2 102 9127
1 2 104 126
1 2 104 4640
1 2 104 11186
1 2 106 174
1 2 106 2996
1 2 106 11095
1 2 107 6041
1 2 107 6173
1 2 107 9132
1 2 108 3155
1 2 108 7330
1 2 109 3100
1 2 109 6200
1 2 110 187
1 2 110 11191
1 2 112 175
1 2 112 3004
1 2 112 3066
1 2 112 3103
1 2 112 9050
1 2 112 9172
1 2 114 6093
1 2 114 11044
1 2 114 11197
1 2 115 6038
1 2 115 9066
1 2 117 3072
1 2 117 6197
1 2 117 11072
1 2 117 11109
1 2 117 11139
1 2 118 182
1 2 118 11067
1 2 118 11185
1 2 120 158
2 2 121 252
1 2 121 3220
1 2 121 6101
3 2 121 9122
3 2 121 11205
1 2 122 3114
1 2 122 6145
1 2 123 12175
1 2 125 9035
1 2 125 9051
1 2 125 11040
1 2 126 3120
1 2 126 4640
1 2 126 9120
1 2 130 205
1 2 130 6063
1 2 130 9088
1 2 132 6081
1 2 132 11132
1 2 132 11199
1 2 134 6096
1 2 135 256
1 2 135 9033
1 2 135 9136
1 2 135 11027
1 2 135 11180
1 2 136 11043
1 2 139 3030
1 2 139 3050
1 2 139 3131
1 2 141 9163
1 2 141 11043
1 2 141 11141
1 2 141 11210
1 2 142 9140
1 2 142 11183
1 2 143 3056
2 2 143 3135
1 2 143 6077
2 2 143 11143
1 2 144 9103
1 2 144 9157
1 2 144 9204
1 2 145 11120
1 2 146 3363
1 2 146 9192
1 2 146 11087
1 2 146 11193
1 2 147 3007
1 2 147 6028
1 2 147 9138
1 2 148 3054
1 2 148 11190
1 2 149 3151
3 2 149 11068
1 2 155 11092
1 2 155 11212
1 2 156 6093
1 2 156 9173
1 2 156 9193
1 2 157 2998
1 2 157 11146
1 2 158 11081
1 2 158 11121
3 2 159 3150
1 2 159 6385
1 2 159 9383
1 2 159 11306
1 2 161 6050
1 2 161 11082
1 2 162 6087
1 2 162 11164
1 2 165 9183
1 2 165 11043
1 2 168 6185
1 2 168 9066
1 2 169 3117
1 2 169 6066
1 2 171 6310
1 2 171 11070
3 2 172 3140
3 2 172 6131
2 2 172 9107
1 2 173 3048
1 2 173 6214
1 2 174 3099
1 2 174 9222
1 2 175 3066
1 2 176 3008
1 2 176 9198
1 2 178 6181
1 2 178 11128
1 2 179 3007
1 2 179 6160
1 2 179 9138
1 2 180 3075
1 2 180 9041
1 2 181 3120
1 2 181 6139
3 2 181 11032
3 2 181 11080
1 2 182 3113
1 2 183 3065
1 2 183 6166
3 2 183 9101
1 2 183 11074
1 2 184 11120
1 2 184 11148
1 2 186 7330
1 2 187 2999
1 2 187 3101
3 2 187 9111
1 2 191 4515
1 2 191 10930
1 2 191 12504
1 2 191 12677
1 2 192 6055
1 2 193 3185
1 2 193 6146
1 2 193 9169
1 2 194 6131
1 2 194 9060
1 2 194 9153
1 2 195 6081
1 2 195 9156
1 2 195 11121
1 2 195 11132
1 2 197 11030
1 2 197 11085
1 2 200 11136
1 2 200 11207
1 2 204 6009
3 2 204 9073
3 2 204 9183
1 2 205 3108
1 2 205 6126
1 2 205 9151
2 2 206 1380
1 2 206 7403
1 2 206 12244
3 2 207 387
1 2 207 9331
1 2 207 9353
3 2 207 11234
3 2 208 380
3 2 208 11240
1 2 212 261
1 2 212 3250
1 2 212 3376
1 2 214 283
1 2 214 3339
3 2 214 6316
3 2 214 9311
1 2 214 11217
1 2 215 304
1 2 215 6232
1 2 215 11285
1 2 215 11313
1 2 216 294
1 2 216 386
1 2 216 11216
1 2 216 11322
2 2 216 11370
3 2 219 9285
3 2 219 11332
3 2 221 271
3 2 221 11253
3 2 221 11374
1 2 222 319
1 2 222 341
1 2 222 3333
1 2 226 11224
1 2 226 11315
1 2 232 3266
1 2 232 3389
1 2 232 11227
1 2 233 358
1 2 233 6459
1 2 233 11342
1 2 233 11358
1 2 237 361
3 2 237 3280
1 2 237 4758
1 2 237 11228
1 2 238 343
1 2 238 3225
1 2 238 3542
1 2 238 6589
1 2 241 309
1 2 241 336
1 2 241 3326
1 2 241 11360
1 2 242 363
1 2 242 6148
1 2 242 9251
3 2 242 9329
3 2 242 11280
1 2 242 11311
3 2 243 279
3 2 243 3295
3 2 243 3381
1 2 243 6401
3 2 243 11515
1 2 246 300
1 2 246 6365
3 2 246 11235
3 2 246 11300
3 2 247 309
1 2 247 405
1 2 247 3234
1 2 247 11233
3 2 247 11388
1 2 248 9287
1 2 252 3220
2 2 252 6356
3 2 252 9345
3 2 252 11205
3 2 253 377
1 2 253 407
1 2 253 3274
1 2 253 6301
1 2 256 9033
1 2 256 11340
3 2 260 6338
1 2 260 9336
3 2 261 3292
3 2 261 11242
1 2 265 530
1 2 265 3255
1 2 265 6222
1 2 265 9340
1 2 265 9374
3 2 266 395
1 2 266 9372
3 2 266 9398
1 2 266 11386
1 2 268 293
3 2 268 3258
3 2 268 3367
1 2 268 11219
1 2 268 11276
1 2 269 314
1 2 269 397
3 2 269 9376
3 2 269 11248
3 2 269 11294
1 2 270 3245
3 2 270 9291
1 2 270 11275
3 2 271 322
3 2 271 3287
3 2 272 3139
3 2 272 6124
1 2 272 9146
3 2 273 1278
1 2 273 3289
1 2 274 335
1 2 274 11300
1 2 276 385
1 2 276 3329
3 2 277 406
1 2 277 6340
3 2 277 11370
1 2 278 1754
3 2 278 11228
3 2 278 11307
1 2 279 334
1 2 279 3295
3 2 279 3324
1 2 279 11232
1 2 280 357
1 2 280 378
1 2 280 3370
1 2 281 348
1 2 281 395
1 2 281 3288
3 2 281 3384
1 2 282 9305
1 2 282 9381
1 2 283 350
1 2 283 3275
1 2 283 3339
1 2 283 11217
1 2 284 3373
1 2 284 6385
1 2 284 11161
1 2 285 3342
1 2 285 7377
1 2 285 11237
3 2 286 3276
1 2 286 3317
1 2 286 11373
1 2 287 6264
1 2 287 9399
1 2 288 3225
3 2 288 3306
3 2 288 6330
1 2 289 6354
1 2 289 9247
1 2 289 11230
3 2 290 3392
1 2 290 9544
1 2 290 11247
1 2 290 11301
1 2 292 11273
1 2 293 321
1 2 293 3340
1 2 293 9388
1 2 293 11276
1 2 294 3267
3 2 294 11322
3 2 294 11370
1 2 295 383
1 2 295 3286
1 2 295 3375
1 2 295 6310
1 2 295 6331
1 2 295 11070
3 2 296 3287
1 2 296 9268
3 2 296 9322
3 2 296 11221
1 2 297 11324
1 2 297 11394
1 2 298 403
1 2 298 6352
1 2 298 11281
1 2 299 329
1 2 299 363
1 2 299 3229
1 2 299 6148
1 2 300 3236
1 2 300 6365
1 2 300 9366
1 2 300 11242
3 2 301 3290
1 2 301 6380
1 2 301 11362
1 2 302 457
1 2 302 11283
1 2 303 369
3 2 303 3342
3 2 303 9310
1 2 304 331
3 2 304 360
3 2 304 386
1 2 305 6217
1 2 305 7359
1 2 305 11320
1 2 305 11365
1 2 306 3210
1 2 306 3247
3 2 306 3362
3 2 306 11290
3 2 307 1821
1 2 307 9553
1 2 307 12102
1 2 307 12106
1 2 307 12584
1 2 308 6381
1 2 308 6408
1 2 308 11291
1 2 309 336
3 2 309 3234
3 2 309 3326
1 2 309 11264
1 2 310 341
3 2 310 6459
1 2 310 7482
3 2 310 11358
1 2 311 3301
1 2 311 6301
1 2 311 6363
1 2 311 9364
1 2 312 3075
1 2 312 3168
1 2 312 3338
3 2 312 6102
1 2 312 11171
1 2 313 367
1 2 313 471
2 2 313 3304
2 2 313 9422
1 2 314 9273
1 2 314 11258
1 2 315 343
1 2 315 371
1 2 316 394
3 2 317 3231
1 2 317 6389
1 2 317 11251
1 2 317 11366
2 2 318 347
3 2 318 3281
2 2 318 3309
1 2 318 3393
3 2 318 6359
1 2 319 415
1 2 319 3298
1 2 319 3310
1 2 321 9388
3 2 321 11276
2 2 321 11305
3 2 322 3287
3 2 323 387
3 2 323 11241
3 2 324 3317
3 2 324 6391
1 2 324 9286
1 2 325 3282
1 2 325 3361
1 2 325 9280
1 2 326 3316
1 2 326 3477
1 2 326 11421
3 2 327 3320
1 2 327 6281
3 2 327 6296
1 2 327 9274
1 2 328 356
1 2 328 11283
1 2 328 11337
1 2 329 363
1 2 329 11215
1 2 330 3257
3 2 331 386
1 2 331 3350
3 2 332 11366
1 2 332 13263
3 2 333 3176
1 2 333 3215
1 2 333 6245
3 2 334 389
1 2 334 3324
1 2 334 9263
1 2 334 11260
1 2 334 11288
1 2 334 11316
3 2 335 401
1 2 335 11254
3 2 335 11384
3 2 336 11264
3 2 336 11360
1 2 339 6404
1 2 339 9401
3 2 340 367
1 2 340 471
1 2 340 11296
3 2 340 11351
1 2 341 11222
1 2 342 6292
1 2 342 9289
3 2 343 371
1 2 343 3364
1 2 344 3259
1 2 344 9256
1 2 344 11236
1 2 345 3269
1 2 345 6391
1 2 345 11324
1 2 346 3220
1 2 346 3240
1 2 346 6247
1 2 347 400
3 2 347 3281
3 2 347 11247
3 2 347 11301
1 2 347 11357
3 2 347 13206
1 2 348 3288
1 2 348 11265
3 2 349 3312
3 2 349 3340
3 2 349 6282
1 2 350 11217
1 2 350 11330
1 2 350 11379
3 2 351 9285
3 2 351 11270
1 2 351 11299
1 2 352 3226
1 2 352 3345
1 2 352 6305
1 2 352 9253
1 2 352 9318
1 2 353 483
1 2 353 3477
1 2 356 3346
3 2 356 3376
1 2 357 3268
1 2 357 3370
1 2 357 6269
1 2 358 6371
3 2 358 9341
1 2 359 3027
1 2 359 3139
1 2 360 3759
3 2 360 11313
1 2 361 3280
3 2 361 10136
2 2 361 10314
1 2 361 11228
1 2 361 12216
1 2 362 389
3 2 362 3380
3 2 362 9263
1 2 363 11280
3 2 364 3353
3 2 364 6237
1 2 364 9250
3 2 364 9322
3 2 364 11279
1 2 364 11382
1 2 366 3358
1 2 367 3332
1 2 368 11275
1 2 369 11238
1 2 369 11287
3 2 370 381
1 2 370 3027
1 2 370 3363
3 2 371 11325
1 2 374 3326
3 2 374 6349
1 2 375 3367
3 2 375 3499
3 2 375 9456
1 2 375 11219
1 2 375 11359
1 2 375 13382
3 2 376 3371
1 2 376 6329
1 2 376 9276
3 2 376 11363
3 2 377 407
3 2 377 3241
3 2 377 6378
1 2 378 6316
1 2 378 11338
3 2 380 3196
3 2 381 3027
3 2 381 7359
3 2 382 3263
1 2 382 3308
3 2 382 11300
1 2 383 3307
1 2 383 3386
1 2 383 6310
1 2 383 6331
1 2 385 3242
3 2 386 3350
1 2 387 9386
1 2 387 11234
3 2 388 3532
1 2 388 6558
1 2 388 9252
3 2 388 9387
1 2 388 11232
1 2 389 3324
3 2 389 3380
1 2 390 7346
3 2 391 3211
1 2 391 3314
3 2 391 6241
3 2 391 9498
1 2 392 3382
1 2 392 6337
1 2 392 9244
1 2 392 9338
3 2 393 3357
3 2 393 11348
1 2 394 6235
3 2 395 3384
3 2 395 6332
1 2 395 9398
1 2 395 11245
1 2 397 3275
1 2 398 6305
1 2 399 3341
1 2 399 13262
1 2 399 13263
1 2 400 3254
1 2 400 11357
1 2 400 13206
2 2 401 3327
3 2 401 9302
3 2 402 524
1 2 402 3521
1 2 402 9544
1 2 402 11274
1 2 402 11385
1 2 403 6308
1 2 403 6352
1 2 403 12172
3 2 405 3234
3 2 405 3355
1 2 405 3395
3 2 405 9509
1 2 405 11388
1 2 406 6340
3 2 406 9341
3 2 406 11391
1 2 407 3274
3 2 407 11361
1 2 409 3403
1 2 409 3452
1 2 409 6597
1 2 409 11546
1 2 410 6574
1 2 410 9549
1 2 413 3527
3 2 413 6317
2 2 413 6341
1 2 413 11396
1 2 414 3430
1 2 414 3577
1 2 414 6455
1 2 414 6600
1 2 414 9423
1 2 415 592
1 2 415 3298
1 2 415 3310
1 2 415 11202
3 2 417 3410
1 2 417 3550
1 2 417 11398
1 2 417 11413
1 2 418 3531
3 2 418 6481
3 2 418 9449
1 2 418 9556
3 2 418 11397
1 2 421 445
1 2 421 583
1 2 421 3553
1 2 421 6485
1 2 421 6562
1 2 422 513
1 2 422 536
1 2 422 3412
2 2 422 6580
3 2 422 9558
3 2 422 11441
1 2 424 586
1 2 424 3571
3 2 424 3585
1 2 424 6470
1 2 424 9555
1 2 425 538
3 2 425 3561
1 2 425 6487
1 2 425 6524
1 2 425 6582
1 2 425 11468
1 2 429 472
3 2 429 3399
1 2 429 3767
3 2 429 6420
1 2 429 6776
3 2 429 9571
1 2 433 9460
2 2 433 11408
1 2 434 458
1 2 434 11424
1 2 437 3504
1 2 438 462
1 2 438 3562
3 2 438 6509
1 2 438 11427
1 2 441 3543
2 2 441 6593
2 2 441 9568
3 2 441 11477
1 2 442 3410
1 2 442 3497
1 2 442 6499
3 2 442 11413
1 2 444 3438
3 2 444 3473
3 2 444 3532
1 2 444 9470
1 2 444 11478
1 2 445 494
3 2 445 3485
1 2 449 484
1 2 449 11418
1 2 452 3551
1 2 452 6502
1 2 452 9337
1 2 452 9473
1 2 453 472
1 2 453 3399
1 2 453 11405
1 2 453 11437
3 2 453 11452
1 2 454 3402
3 2 454 3476
3 2 454 6504
3 2 454 6585
3 2 454 9561
3 2 454 11420
1 2 457 3554
1 2 457 3580
1 2 457 11244
1 2 458 488
1 2 458 3452
3 2 458 11438
1 2 462 3430
1 2 462 6429
1 2 463 6605
1 2 463 11425
1 2 464 615
1 2 464 3618
1 2 466 3410
1 2 466 3434
1 2 466 6522
1 2 467 3458
1 2 467 3482
1 2 467 3544
2 2 467 6416
3 2 467 6511
3 2 467 9400
1 2 469 573
1 2 469 3514
1 2 469 9414
1 2 469 11401
3 2 469 11432
1 2 470 6430
1 2 471 3566
1 2 471 9422
2 2 471 11436
3 2 472 486
1 2 472 3399
1 2 473 3469
1 2 473 6432
1 2 474 513
1 2 474 572
1 2 474 3496
1 2 474 6435
1 2 474 9520
3 2 476 6429
3 2 476 6455
1 2 476 9423
1 2 476 9481
1 2 476 9533
3 2 476 11464
1 2 478 514
3 2 478 6441
1 2 478 9428
1 2 478 9535
3 2 478 11415
3 2 479 506
1 2 479 584
3 2 479 9511
1 2 479 11467
1 2 479 11558
3 2 480 6560
3 2 480 6598
3 2 482 3474
1 2 482 3500
1 2 482 6421
1 2 482 6524
1 2 482 9497
1 2 483 3477
1 2 483 3578
1 2 483 11308
1 2 484 509
1 2 484 11418
3 2 484 11450
3 2 485 6569
3 2 485 9434
3 2 485 11420
3 2 485 11563
1 2 486 3466
1 2 486 11452
1 2 487 9502
1 2 487 11485
1 2 488 3452
1 2 488 9491
1 2 488 11454
1 2 491 6483
3 2 491 9454
1 2 491 9558
1 2 491 11411
1 2 491 11427
3 2 491 11479
1 2 492 860
1 2 492 4756
1 2 492 7422
1 2 492 10520
1 2 492 11942
3 2 493 548
1 2 493 9508
1 2 493 9546
3 2 493 11428
3 2 493 11515
1 2 494 583
1 2 494 3462
3 2 494 3485
1 2 494 9429
3 2 494 11414
1 2 495 3398
1 2 495 6469
3 2 495 6535
1 2 495 6622
1 2 495 9443
1 2 495 9482
1 2 496 3074
1 2 496 3152
1 2 496 6381
1 2 498 3529
1 2 498 11447
1 2 499 6601
1 2 499 9447
3 2 501 3455
1 2 501 3520
1 2 501 6481
3 2 501 11397
1 2 502 3466
3 2 502 3479
3 2 502 6530
1 2 502 11461
1 2 503 3495
3 2 503 9478
1 2 503 9495
3 2 503 9867
3 2 503 11465
1 2 503 11613
3 2 504 525
1 2 504 9465
1 2 504 11490
1 2 505 11495
1 2 505 11733
3 2 506 584
1 2 506 3586
1 2 506 6464
3 2 506 11467
1 2 507 6103
1 2 507 6489
3 2 507 9239
3 2 507 9458
1 2 507 11333
3 2 507 11446
1 2 509 3478
1 2 509 3489
1 2 509 9516
1 2 510 3504
3 2 510 3527
3 2 510 6553
1 2 511 6578
1 2 511 9479
1 2 511 11504
1 2 512 3493
1 2 512 6518
2 2 512 6533
3 2 512 9507
3 2 512 9725
1 2 513 572
1 2 513 3412
1 2 513 9454
3 2 514 573
3 2 514 6441
3 2 514 6559
1 2 514 11481
1 2 515 3010
1 2 515 6726
1 2 515 7787
1 2 515 10684
3 2 516 3516
3 2 516 3576
1 2 516 6560
3 2 516 6598
3 2 516 9536
3 2 516 13068
1 2 518 3518
1 2 518 6563
1 2 519 694
3 2 519 3690
1 2 519 6934
1 2 519 9517
1 2 519 11486
3 2 519 11499
1 2 520 6516
1 2 520 11474
1 2 521 678
1 2 521 1346
1 2 521 6529
1 2 521 11516
3 2 521 11642
1 2 522 3520
3 2 522 9477
1 2 522 9542
1 2 522 11462
3 2 523 9476
3 2 523 11513
1 2 524 3544
2 2 524 6567
1 2 524 11385
1 2 524 12562
1 2 525 3494
1 2 525 3543
3 2 525 11557
3 2 526 6218
3 2 526 6377
3 2 526 9375
1 2 526 11402
3 2 526 11493
1 2 527 3495
1 2 527 3523
3 2 527 9495
3 2 527 9550
1 2 528 4328
1 2 528 10151
1 2 528 11733
1 2 528 12281
1 2 529 3547
1 2 529 6444
1 2 529 6570
1 2 529 9482
1 2 529 9486
3 2 529 9547
3 2 529 11494
1 2 530 6342
1 2 530 6376
3 2 532 3703
1 2 532 5283
3 2 532 9681
1 2 532 11497
1 2 533 9504
1 2 533 9516
3 2 534 6577
3 2 534 9579
1 2 534 11500
1 2 535 6520
1 2 535 11503
1 2 536 6580
1 2 536 9468
1 2 536 9558
1 2 536 11479
3 2 537 3207
1 2 537 6236
1 2 537 6390
3 2 537 9496
3 2 538 6501
1 2 538 6524
1 2 538 6582
1 2 538 9497
1 2 539 3579
1 2 539 9550
3 2 539 11521
1 2 540 3463
1 2 540 6526
3 2 540 11406
1 2 541 3484
3 2 541 3716
1 2 541 9539
1 2 541 9692
1 2 541 11522
1 2 541 11679
1 2 542 3758
1 2 542 6536
1 2 543 732
1 2 543 5283
2 2 543 6552
1 2 543 6723
1 2 543 9541
1 2 544 9502
1 2 544 11512
1 2 545 6525
1 2 545 11538
1 2 546 3568
1 2 546 9288
3 2 546 9342
3 2 546 9506
2 2 548 3230
1 2 548 6259
3 2 548 6401
2 2 548 9508
1 2 548 11492
1 2 549 563
1 2 549 1346
1 2 549 3558
3 2 549 3629
3 2 549 6542
3 2 549 9503
1 2 550 11490
1 2 550 11514
3 2 551 6949
3 2 551 9490
1 2 551 11732
1 2 551 13011
1 2 552 3510
1 2 552 6534
1 2 552 6595
1 2 552 9470
3 2 552 9570
1 2 553 3509
1 2 553 3523
3 2 553 3534
3 2 553 6599
3 2 553 11521
1 2 555 3537
1 2 555 3550
1 2 555 9537
3 2 557 3569
3 2 557 3718
3 2 557 9539
1 2 557 11511
3 2 558 3492
3 2 558 3580
1 2 558 6603
1 2 559 6605
1 2 559 9519
1 2 559 11504
1 2 560 3556
1 2 560 6280
1 2 560 6415
1 2 560 11503
1 2 561 3299
3 2 561 6540
3 2 561 11529
1 2 561 11544
1 2 562 3497
1 2 562 6499
3 2 563 3558
3 2 563 11531
3 2 563 11547
3 2 564 3355
3 2 564 6513
1 2 564 9524
3 2 564 11431
3 2 564 11533
1 2 565 723
1 2 565 9716
1 2 567 3152
1 2 568 721
2 2 568 737
1 2 568 3722
1 2 568 9712
1 2 569 3553
3 2 569 3569
1 2 569 11525
3 2 569 11556
3 2 570 6432
3 2 570 11513
3 2 570 11541
1 2 571 586
1 2 571 3299
1 2 571 3571
3 2 571 11544
2 2 572 6435
3 2 572 6557
3 2 572 9454
3 2 573 3514
3 2 573 6559
1 2 573 9535
1 2 574 3755
1 2 574 9573
1 2 574 11561
3 2 575 3536
1 2 575 6446
1 2 577 3407
1 2 577 3562
1 2 577 9548
1 2 577 11550
1 2 578 3578
1 2 578 6539
1 2 579 3582
1 2 579 11485
3 2 580 6304
3 2 580 11526
1 2 581 3537
3 2 581 3550
1 2 581 11539
1 2 581 11554
1 2 582 6458
1 2 582 9437
1 2 582 9543
1 2 582 11489
3 2 583 3553
1 2 583 9429
1 2 583 11556
3 2 584 3586
1 2 584 9546
3 2 584 11428
1 2 585 3587
1 2 585 9417
1 2 585 11559
1 2 586 3571
1 2 586 6470
1 2 586 11404
1 2 587 3444
3 2 587 3547
3 2 587 6469
1 2 587 6570
3 2 587 9522
1 2 588 3573
1 2 588 6596
2 2 588 11405
1 2 588 11422
1 2 589 3558
1 2 589 3574
1 2 589 6488
3 2 589 6568
1 2 589 6594
1 2 589 11560
1 2 590 9593
1 2 590 9748
1 2 590 11576
1 2 592 9221
1 2 592 9485
1 2 595 3598
1 2 595 9597
1 2 595 11565
3 2 595 11582
1 2 596 653
3 2 596 665
3 2 596 3654
1 2 596 9596
3 2 596 9611
2 2 596 9646
1 2 596 11581
3 2 598 6625
3 2 598 6778
3 2 599 6626
3 2 599 9627
1 2 599 11735
1 2 602 777
3 2 602 1782
3 2 602 4869
1 2 602 12582
3 2 603 3604
1 2 603 3776
1 2 603 9582
1 2 603 9598
1 2 603 11568
1 2 605 9580
1 2 605 11567
1 2 605 11585
1 2 606 797
1 2 606 3609
1 2 606 6799
1 2 606 11577
3 2 607 776
3 2 607 3780
1 2 607 6635
3 2 607 9584
1 2 607 9600
1 2 611 778
1 2 611 3782
1 2 611 6780
1 2 611 9745
1 2 611 11570
1 2 614 3614
1 2 614 3649
1 2 614 6634
1 2 614 9606
1 2 614 11583
1 2 615 11578
1 2 618 6620
1 2 619 3617
1 2 619 3623
1 2 619 6647
1 2 619 9608
1 2 619 11577
1 2 620 625
1 2 620 3598
3 2 620 3621
1 2 620 3626
3 2 620 6618
1 2 620 9751
1 2 624 3596
3 2 624 6619
1 2 624 9595
1 2 624 11581
1 2 624 11594
1 2 625 3598
1 2 625 3626
1 2 625 11869
1 2 628 3657
3 2 628 6626
3 2 628 6656
1 2 628 9613
3 2 628 11584
1 2 628 11595
3 2 629 655
1 2 629 3659
3 2 629 11582
3 2 629 11596
1 2 629 11869
1 2 630 6634
1 2 630 9602
1 2 630 9756
1 2 634 4287
1 2 634 4342
1 2 634 4362
1 2 634 12289
1 2 636 6635
1 2 636 9618
1 2 636 11601
1 2 636 11604
1 2 637 818
1 2 637 3639
1 2 637 3645
1 2 637 6652
3 2 637 11588
1 2 637 11605
1 2 638 7118
1 2 638 7612
3 2 638 9949
1 2 638 10394
1 2 638 10492
3 2 638 12384
3 2 641 3650
1 2 641 6639
3 2 641 9590
1 2 641 11794
1 2 642 11591
1 2 642 13008
1 2 646 679
1 2 646 6643
3 2 646 9606
1 2 646 11608
3 2 646 11787
1 2 648 817
1 2 648 3650
3 2 648 3652
3 2 648 9625
1 2 648 11628
3 2 648 11794
1 2 649 9614
1 2 649 9769
1 2 649 9783
1 2 649 9919
1 2 650 2179
1 2 650 5191
3 2 650 8222
1 2 650 8229
1 2 651 669
1 2 651 3626
1 2 651 6651
3 2 651 9629
1 2 651 11869
1 2 652 6991
1 2 652 11853
1 2 653 6687
1 2 653 9646
1 2 653 9648
1 2 655 3659
1 2 655 6657
3 2 655 11582
3 2 656 9630
3 2 656 11598
2 2 656 11615
1 2 657 6677
1 2 657 11597
1 2 658 661
1 2 658 3662
1 2 658 6661
2 2 658 9600
1 2 658 11601
1 2 659 3685
3 2 659 3853
1 2 659 3872
1 2 659 6855
3 2 659 9825
3 2 659 11760
1 2 660 3639
1 2 660 3663
1 2 660 6695
1 2 660 11619
1 2 661 6680
3 2 661 11601
1 2 661 11623
1 2 662 9619
1 2 662 11592
1 2 662 11608
3 2 663 3679
3 2 663 9638
3 2 663 11601
1 2 663 11604
3 2 663 11623
3 2 663 11640
3 2 664 6684
3 2 664 6686
1 2 665 6672
1 2 665 9646
1 2 666 3672
1 2 667 3681
3 2 667 9609
3 2 667 9625
3 2 667 9644
3 2 668 3674
1 2 668 3675
3 2 668 6673
1 2 669 3671
1 2 669 11596
1 2 670 3672
3 2 670 9628
1 2 671 3657
1 2 671 3675
3 2 671 6673
1 2 671 11615
1 2 672 11599
1 2 673 9636
3 2 673 11618
1 2 673 11620
3 2 673 11634
1 2 674 3663
1 2 674 6677
1 2 674 9651
1 2 674 11603
1 2 674 11636
1 2 675 4701
1 2 676 3665
1 2 676 3694
1 2 676 6679
1 2 676 9670
1 2 676 11622
1 2 676 11639
1 2 677 6681
1 2 677 11658
3 2 678 698
3 2 678 6529
1 2 678 6683
3 2 678 9638
3 2 678 11640
1 2 679 6682
1 2 679 6700
1 2 679 9656
1 2 679 11646
3 2 680 3652
1 2 680 3669
3 2 680 6531
3 2 680 9658
3 2 682 3670
1 2 682 3680
1 2 682 6685
3 2 682 6703
1 2 683 3672
3 2 683 3682
1 2 683 6730
1 2 683 11632
1 2 684 6700
3 2 684 6716
1 2 684 9660
1 2 684 11625
1 2 684 11646
1 2 685 6718
1 2 685 6733
1 2 685 9647
2 2 685 11633
1 2 686 3683
1 2 686 3700
1 2 686 6720
1 2 686 9661
1 2 686 11627
3 2 688 707
1 2 688 3675
1 2 688 3684
1 2 688 6691
1 2 688 6708
1 2 689 691
1 2 689 870
3 2 689 3685
3 2 689 3872
3 2 689 11637
3 2 689 11656
1 2 689 11791
1 2 690 3676
1 2 690 3689
3 2 690 11619
1 2 690 11655
1 2 691 695
1 2 691 6769
1 2 691 9684
1 2 691 11637
3 2 691 11656
3 2 692 3705
3 2 692 6693
3 2 692 9652
3 2 692 11653
3 2 693 3694
3 2 693 6711
1 2 693 11622
1 2 694 3679
1 2 694 3692
1 2 694 6934
1 2 694 11486
1 2 695 9684
1 2 695 11637
1 2 695 11641
3 2 695 11685
1 2 696 3696
1 2 696 3709
1 2 696 6697
1 2 696 6711
1 2 696 9640
1 2 697 7872
1 2 698 3666
1 2 698 6683
3 2 698 6698
3 2 698 11642
3 2 699 730
3 2 699 6716
1 2 699 11644
1 2 699 11646
1 2 701 3683
3 2 701 6703
1 2 701 6720
1 2 701 9676
1 2 702 3880
1 2 702 6872
1 2 702 9836
1 2 702 11817
1 2 702 12405
1 2 703 4738
1 2 703 4834
1 2 703 4854
1 2 703 9678
1 2 703 10599
1 2 704 6552
1 2 704 6690
1 2 704 6723
1 2 704 9527
1 2 704 11651
1 2 704 11666
1 2 705 3686
1 2 705 3722
1 2 706 3693
1 2 706 3894
3 2 706 3897
3 2 706 9774
3 2 706 11660
1 2 707 3675
3 2 707 3688
1 2 707 6708
1 2 707 9652
1 2 707 11634
1 2 708 3705
1 2 708 9666
3 2 708 11499
1 2 709 751
1 2 709 4738
1 2 709 4854
1 2 710 6699
1 2 710 9713
3 2 710 11698
1 2 711 3689
1 2 711 9685
1 2 711 11672
1 2 713 746
1 2 713 3696
1 2 713 6735
1 2 713 9687
1 2 713 9706
1 2 713 11659
1 2 714 9691
1 2 714 11633
3 2 714 11678
1 2 715 718
1 2 715 3710
3 2 715 3712
1 2 715 3715
1 2 715 6732
1 2 716 3731
3 2 716 6716
3 2 716 9660
1 2 716 9690
1 2 717 3698
1 2 717 9696
3 2 718 908
1 2 718 3806
1 2 718 9675
3 2 719 3760
3 2 720 1655
1 2 720 4508
1 2 720 7611
1 2 720 10461
3 2 720 12497
3 2 720 12697
1 2 721 3755
3 2 722 774
3 2 722 9667
3 2 722 9711
3 2 722 11695
1 2 722 11725
1 2 723 3707
1 2 723 3724
1 2 723 6729
1 2 723 6747
1 2 724 889
1 2 724 6921
1 2 724 6941
1 2 726 3727
1 2 726 3729
1 2 726 3918
1 2 726 3920
3 2 726 6746
1 2 726 9699
1 2 727 6731
1 2 727 9704
1 2 727 11689
1 2 729 11843
1 2 730 3713
1 2 730 3730
3 2 730 11644
3 2 730 11659
1 2 732 3703
1 2 732 5283
1 2 732 6723
3 2 732 9665
3 2 733 3712
3 2 733 3732
1 2 733 4445
1 2 733 10481
3 2 734 3733
3 2 734 9664
3 2 734 11654
1 2 735 9694
1 2 735 9709
1 2 735 9726
3 2 735 11681
1 2 736 3481
1 2 736 3498
1 2 736 4739
1 2 736 9669
1 2 736 10656
1 2 737 767
2 2 737 3573
1 2 737 3755
1 2 738 9700
1 2 738 11688
1 2 738 13220
1 2 739 3756
1 2 739 10466
1 2 740 6756
1 2 740 11688
1 2 740 13220
1 2 740 13233
2 2 741 754
3 2 741 9683
3 2 741 9698
2 2 741 11670
1 2 743 3737
3 2 743 6756
3 2 743 9710
2 2 743 11697
1 2 744 3741
1 2 744 6584
1 2 744 6761
1 2 744 9716
1 2 744 11534
1 2 746 3548
1 2 746 9687
1 2 746 9706
1 2 746 11676
1 2 748 6753
1 2 748 11696
3 2 749 3763
3 2 749 11654
2 2 749 11695
1 2 750 6755
1 2 751 4854
1 2 751 5205
1 2 752 755
1 2 752 3751
1 2 752 6773
1 2 752 11709
1 2 752 11718
1 2 754 3757
3 2 754 9576
3 2 754 9714
1 2 754 11686
1 2 754 11705
3 2 755 3948
1 2 755 6775
3 2 755 9734
1 2 756 4549
1 2 756 7639
1 2 758 3761
1 2 758 6955
2 2 758 11710
1 2 760 6960
2 2 760 11709
1 2 760 11711
1 2 762 780
1 2 762 3762
1 2 762 3768
1 2 762 6786
1 2 762 9728
1 2 762 11713
1 2 763 4875
3 2 764 3768
3 2 764 6609
3 2 764 9738
3 2 764 9745
3 2 765 3765
1 2 765 6755
1 2 765 6783
3 2 765 9744
1 2 766 9697
1 2 766 11698
1 2 767 6596
2 2 769 3754
1 2 769 6770
1 2 769 6789
1 2 769 9732
1 2 769 9748
3 2 770 6780
3 2 770 9738
1 2 770 11721
1 2 770 11723
1 2 770 11730
3 2 771 6788
3 2 771 9741
1 2 771 11723
3 2 771 11726
1 2 772 3653
1 2 772 3658
1 2 772 11599
1 2 773 969
3 2 773 3776
1 2 773 3780
1 2 773 6790
1 2 773 11568
1 2 774 779
3 2 774 3763
1 2 774 6607
1 2 774 11695
1 2 774 11725
1 2 775 3417
1 2 775 3587
1 2 775 6781
1 2 776 3780
1 2 776 3782
3 2 776 6635
3 2 776 9741
1 2 776 11570
1 2 776 11726
1 2 777 1782
1 2 777 10718
1 2 778 3612
1 2 778 9603
1 2 778 9745
1 2 778 11573
1 2 779 6607
1 2 779 6610
1 2 779 9743
2 2 780 3589
3 2 780 3768
3 2 780 6784
1 2 780 6786
1 2 781 3588
1 2 781 6665
3 2 782 6606
1 2 782 6793
3 2 782 9924
1 2 782 11889
1 2 783 973
1 2 783 6811
1 2 784 3876
1 2 784 11907
1 2 784 12016
1 2 785 981
1 2 785 9921
1 2 788 6943
3 2 788 11738
1 2 792 1108
1 2 792 4111
1 2 792 11919
1 2 793 965
1 2 793 3796
1 2 793 3952
1 2 793 3971
1 2 793 11754
1 2 794 3845
1 2 794 3874
1 2 794 11756
1 2 794 13221
1 2 797 3956
1 2 797 9599
1 2 799 3798
1 2 799 3861
2 2 799 6924
1 2 800 861
1 2 801 3975
1 2 801 6850
1 2 801 9923
1 2 804 3862
1 2 804 9844
1 2 804 11747
1 2 804 11844
1 2 805 4577
1 2 805 7628
1 2 805 10504
1 2 805 10778
1 2 806 3889
1 2 806 11746
1 2 806 12029
1 2 806 12473
1 2 809 879
1 2 809 6954
1 2 810 3843
1 2 810 6811
1 2 810 6838
1 2 813 948
3 2 813 3816
1 2 813 9933
1 2 813 11766
1 2 814 3814
1 2 814 3830
1 2 814 11801
1 2 817 3646
3 2 817 3650
3 2 817 3652
3 2 817 9642
1 2 818 3636
1 2 818 3639
1 2 818 6658
1 2 818 11588
1 2 819 955
3 2 819 9826
1 2 819 11803
3 2 822 3824
1 2 822 3847
3 2 822 6984
1 2 822 11785
1 2 823 4727
1 2 823 7986
1 2 823 11795
1 2 827 3829
1 2 827 3853
3 2 827 6855
3 2 827 6874
1 2 827 7528
1 2 827 9760
2 2 827 9808
1 2 831 4527
1 2 831 4601
1 2 831 9796
3 2 831 9810
3 2 831 11776
3 2 831 11791
3 2 832 9903
3 2 832 11812
1 2 832 11884
1 2 833 867
1 2 844 924
1 2 844 3926
1 2 845 874
1 2 845 889
1 2 845 938
1 2 845 6818
2 2 846 9831
3 2 846 11771
3 2 846 11808
1 2 847 3847
1 2 847 3850
3 2 847 6872
2 2 847 9804
1 2 847 11769
1 2 847 12405
1 2 848 9981
1 2 848 10083
3 2 851 955
1 2 851 3958
1 2 851 3968
1 2 851 6972
1 2 852 978
1 2 852 3904
1 2 852 6928
1 2 853 1793
1 2 853 3834
1 2 853 7747
1 2 853 8115
1 2 853 10783
1 2 854 6865
3 2 854 6927
1 2 854 9764
1 2 854 9824
1 2 854 11779
1 2 855 1742
1 2 856 981
1 2 856 3856
1 2 856 11831
1 2 857 3859
1 2 857 3887
1 2 857 11766
1 2 857 13226
1 2 858 3938
1 2 858 3986
1 2 858 13224
3 2 858 13229
1 2 859 3878
1 2 860 7422
1 2 860 7583
1 2 860 7640
1 2 860 11509
1 2 860 12498
1 2 861 3803
1 2 861 3929
1 2 861 11823
1 2 862 894
1 2 862 3897
3 2 862 6885
3 2 862 9820
1 2 862 11817
2 2 863 976
1 2 863 3864
1 2 863 6930
1 2 865 3823
3 2 865 6846
3 2 865 11738
1 2 866 1584
3 2 866 10489
3 2 866 12439
1 2 867 3882
1 2 867 9874
1 2 868 1658
1 2 868 7684
1 2 868 9792
1 2 868 10588
1 2 869 6807
1 2 869 9861
1 2 869 11792
3 2 870 9653
1 2 870 9810
3 2 870 11637
1 2 870 11791
1 2 871 3799
1 2 871 7213
1 2 871 9812
3 2 871 9896
1 2 872 6836
3 2 873 3823
3 2 873 3957
3 2 873 6846
3 2 873 11892
1 2 874 877
1 2 874 6941
1 2 875 879
1 2 875 1178
1 2 875 3871
1 2 875 6744
3 2 875 9891
1 2 876 9860
1 2 876 11739
1 2 876 11759
1 2 878 9862
1 2 878 11774
1 2 879 3810
3 2 880 3850
1 2 880 3880
3 2 880 6899
1 2 880 11789
3 2 880 11800
1 2 880 12405
1 2 881 3955
1 2 881 6969
1 2 881 10331
1 2 881 11801
3 2 882 3687
3 2 882 4442
1 2 882 6705
3 2 882 6890
1 2 883 3958
3 2 883 6843
1 2 883 6939
1 2 883 6980
1 2 883 11803
1 2 884 3887
1 2 884 11852
3 2 885 903
3 2 885 9870
3 2 885 11852
1 2 885 11854
1 2 885 13226
1 2 887 3849
1 2 887 3888
1 2 887 3913
1 2 888 3891
1 2 888 11742
1 2 889 9817
1 2 890 904
1 2 890 6871
1 2 890 11811
1 2 891 3693
1 2 891 3863
3 2 891 3897
3 2 891 11799
1 2 892 9781
1 2 894 3697
3 2 894 6717
1 2 895 3936
3 2 896 3794
1 2 896 3938
1 2 896 11820
3 2 898 944
3 2 898 3929
1 2 898 6822
1 2 898 6944
1 2 900 1052
1 2 900 3830
1 2 900 11822
1 2 902 11755
1 2 902 11874
3 2 903 6936
1 2 905 3906
1 2 907 3833
1 2 907 3882
1 2 907 6886
1 2 907 11832
3 2 908 3710
1 2 908 3806
3 2 908 9850
1 2 910 9750
3 2 910 9879
3 2 910 9907
3 2 910 11833
1 2 911 956
3 2 911 3928
1 2 911 11834
1 2 912 9790
1 2 912 9918
1 2 912 11835
1 2 912 11896
1 2 913 1582
1 2 913 7791
1 2 913 8014
3 2 913 9779
1 2 913 10657
1 2 916 3913
3 2 916 4642
3 2 916 11808
1 2 918 920
1 2 918 3918
1 2 918 9846
1 2 918 11825
1 2 918 13232
1 2 919 933
1 2 919 3964
1 2 919 9777
1 2 920 3892
1 2 921 3870
1 2 921 6977
1 2 922 3893
1 2 923 963
1 2 923 3923
3 2 923 9826
3 2 923 11846
3 2 924 3798
1 2 924 11768
3 2 924 11805
3 2 925 967
1 2 925 6926
3 2 925 9838
1 2 926 1760
1 2 926 4166
1 2 926 4834
1 2 926 7829
1 2 926 9657
1 2 926 10341
3 2 926 12456
1 2 927 11862
1 2 928 3927
1 2 928 4112
1 2 928 9921
1 2 928 11848
1 2 929 6759
3 2 929 6775
1 2 929 9717
1 2 929 11699
3 2 929 11702
1 2 930 1499
2 2 930 4633
1 2 930 4642
2 2 930 9831
1 2 930 11836
1 2 931 6954
1 2 931 9925
1 2 931 11798
1 2 932 3735
1 2 933 9915
1 2 934 3934
1 2 934 6837
1 2 934 6852
1 2 934 6898
1 2 935 949
1 2 935 6857
1 2 935 6886
1 2 935 11857
1 2 936 9837
1 2 936 10163
1 2 937 982
1 2 937 3922
1 2 937 6913
1 2 938 9770
3 2 939 3794
3 2 939 9800
1 2 941 1651
1 2 941 9855
1 2 941 9911
2 2 941 10387
1 2 941 10483
1 2 941 11763
1 2 943 3948
3 2 943 6766
3 2 943 6917
1 2 943 6931
1 2 943 9723
3 2 944 3929
1 2 944 6944
1 2 944 6964
1 2 944 9897
1 2 945 6804
1 2 946 9913
1 2 946 9928
1 2 946 11850
1 2 947 3786
1 2 947 11867
1 2 948 7213
1 2 948 11737
3 2 949 965
1 2 949 3908
1 2 949 3971
1 2 950 3871
1 2 950 4095
1 2 950 10111
1 2 950 12081
1 2 950 12083
1 2 951 3957
1 2 951 6929
1 2 951 11873
1 2 951 11888
1 2 953 982
1 2 954 1604
1 2 954 4402
1 2 954 7626
1 2 954 7831
1 2 954 10586
1 2 954 10727
1 2 954 11635
1 2 955 3958
1 2 955 11803
1 2 956 11834
3 2 957 6961
3 2 957 6989
1 2 957 11879
2 2 958 11713
2 2 958 11834
3 2 958 11849
1 2 958 11875
3 2 958 11877
1 2 959 6822
1 2 959 6922
1 2 959 11878
1 2 963 3923
1 2 963 6831
1 2 963 11882
3 2 964 3783
3 2 964 11764
1 2 965 11754
1 2 965 11868
1 2 966 3980
1 2 966 9837
1 2 967 9924
3 2 967 11861
1 2 968 5090
1 2 968 9996
1 2 968 10909
1 2 968 12803
1 2 969 3780
1 2 969 9584
1 2 969 11568
1 2 970 980
1 2 970 9869
1 2 970 11768
3 2 970 11805
1 2 971 6971
1 2 971 7528
3 2 971 7547
3 2 971 9760
1 2 971 10441
1 2 971 11890
1 2 972 7633
1 2 973 6964
1 2 973 9766
1 2 973 9897
1 2 974 3865
1 2 974 9837
1 2 974 11856
1 2 976 1109
1 2 976 1205
1 2 976 3864
3 2 977 3794
3 2 977 13227
1 2 978 6928
1 2 978 11896
1 2 980 3866
1 2 980 6933
1 2 980 9869
1 2 982 3956
1 2 982 11741
1 2 982 11899
1 2 983 3911
1 2 983 4419
1 2 984 3974
1 2 984 3985
1 2 984 6611
1 2 984 9586
1 2 984 11901
1 2 986 3840
1 2 986 6881
1 2 987 3895
3 2 987 9781
1 2 987 9885
3 2 987 11771
2 2 989 1111
1 2 989 3991
2 2 989 4116
1 2 989 7116
1 2 989 12100
1 2 992 3996
1 2 992 7117
3 2 993 1097
3 2 993 1182
1 2 993 4100
1 2 993 7016
1 2 994 11963
1 2 996 4105
1 2 996 7120
1 2 996 11913
1 2 998 10032
3 2 1001 10008
1 2 1001 11916
1 2 1003 4107
1 2 1003 11915
1 2 1003 12040
1 2 1004 1603
3 2 1004 4606
1 2 1004 9958
1 2 1004 10364
3 2 1004 11931
1 2 1004 12012
1 2 1006 12057
1 2 1009 7147
1 2 1009 12047
1 2 1009 13256
1 2 1010 4325
1 2 1010 4431
1 2 1013 12760
1 2 1015 4017
1 2 1019 1132
1 2 1019 10051
1 2 1020 7178
1 2 1020 11949
1 2 1020 12032
1 2 1024 4118
1 2 1024 4153
1 2 1024 7169
1 2 1025 4027
3 2 1025 7110
3 2 1025 10020
1 2 1027 1438
1 2 1027 10480
1 2 1029 1076
1 2 1034 1531
1 2 1034 1575
1 2 1034 7571
1 2 1036 4619
1 2 1036 7637
1 2 1037 4061
1 2 1037 7077
1 2 1046 1058
1 2 1046 4061
1 2 1046 4163
1 2 1046 7180
1 2 1046 9994
1 2 1047 7108
1 2 1047 12095
1 2 1048 4080
1 2 1048 7183
1 2 1051 1133
1 2 1051 4054
3 2 1051 7072
1 2 1051 7113
1 2 1051 11960
3 2 1052 3900
3 2 1052 12043
1 2 1054 10085
1 2 1054 12085
1 2 1056 4550
1 2 1056 7140
1 2 1056 10087
1 2 1058 1141
1 2 1058 4061
1 2 1058 11953
3 2 1059 1444
1 2 1059 1538
1 2 1059 4104
3 2 1059 7220
1 2 1061 1190
1 2 1061 10118
1 2 1063 4067
3 2 1063 9865
1 2 1063 12056
1 2 1064 11999
1 2 1064 12071
1 2 1065 1201
1 2 1065 11919
1 2 1066 7007
1 2 1067 1136
1 2 1067 4142
1 2 1067 7102
3 2 1068 4055
1 2 1068 7117
1 2 1068 10031
1 2 1069 4037
1 2 1069 7189
1 2 1069 12045
1 2 1071 4145
1 2 1071 11910
1 2 1074 4111
1 2 1074 4486
1 2 1075 7634
1 2 1075 9993
1 2 1075 11968
1 2 1075 12010
1 2 1076 7200
1 2 1078 4081
3 2 1081 4086
1 2 1081 11977
1 2 1081 12089
1 2 1082 4425
1 2 1082 8063
1 2 1082 12464
1 2 1086 4088
1 2 1086 4206
1 2 1086 13385
1 2 1088 7140
1 2 1089 10076
1 2 1089 11982
1 2 1090 1176
1 2 1090 4095
1 2 1090 7068
3 2 1091 11959
3 2 1091 12027
3 2 1091 12068
3 2 1092 1191
1 2 1092 9968
3 2 1092 10052
3 2 1092 11946
1 2 1093 4098
1 2 1093 7111
1 2 1093 9889
1 2 1093 9903
1 2 1093 10024
1 2 1093 11884
1 2 1096 7058
1 2 1096 11991
3 2 1097 1182
1 2 1097 4000
1 2 1097 9998
1 2 1097 11908
1 2 1097 12072
1 2 1099 11913
1 2 1099 11994
3 2 1100 7204
3 2 1100 7221
1 2 1101 4104
1 2 1101 10088
1 2 1101 12063
1 2 1102 4108
1 2 1103 4064
1 2 1103 9975
1 2 1103 12092
1 2 1103 12829
1 2 1103 12886
1 2 1104 1200
1 2 1107 1978
1 2 1107 7903
1 2 1107 10139
1 2 1108 4111
1 2 1108 4550
1 2 1108 10087
1 2 1109 3988
1 2 1109 4109
1 2 1111 4154
1 2 1111 7116
1 2 1113 4000
1 2 1113 4118
1 2 1113 4122
1 2 1114 1522
1 2 1114 4501
1 2 1116 1525
1 2 1116 1996
1 2 1116 7455
1 2 1116 12322
1 2 1117 4122
1 2 1117 11930
1 2 1117 11989
2 2 1117 12007
1 2 1124 4181
1 2 1124 9971
1 2 1128 4146
1 2 1128 7040
1 2 1128 9960
1 2 1129 2076
1 2 1131 10105
1 2 1131 11983
1 2 1132 4168
1 2 1132 12054
1 2 1133 7113
3 2 1136 7072
1 2 1136 9985
2 2 1136 11960
1 2 1136 12031
1 2 1138 1193
1 2 1138 4113
1 2 1138 10042
1 2 1139 1180
3 2 1139 4114
1 2 1139 4144
1 2 1139 7074
3 2 1139 9958
1 2 1141 4061
1 2 1141 11935
1 2 1141 11953
1 2 1144 4064
1 2 1144 7207
1 2 1144 9975
1 2 1144 10118
3 2 1145 4146
2 2 1145 9964
1 2 1145 11939
3 2 1146 10008
1 2 1146 11913
1 2 1147 4003
1 2 1147 4110
1 2 1147 12886
1 2 1148 7125
3 2 1150 3783
1 2 1150 6851
1 2 1151 7073
1 2 1151 12044
1 2 1151 12071
1 2 1153 4185
1 2 1156 3857
1 2 1156 4159
1 2 1157 4119
1 2 1157 9948
1 2 1157 12048
1 2 1158 7110
1 2 1159 4245
1 2 1160 4163
2 2 1160 7081
3 2 1161 10040
3 2 1161 11916
1 2 1163 4168
1 2 1165 6870
1 2 1166 1193
1 2 1166 4196
1 2 1167 4197
1 2 1167 7145
1 2 1167 10055
3 2 1169 1188
1 2 1169 4058
3 2 1169 4114
1 2 1169 4144
1 2 1169 7092
1 2 1169 11933
1 2 1170 7562
1 2 1171 4105
1 2 1173 4193
1 2 1173 11965
1 2 1175 4096
1 2 1175 12068
1 2 1176 4095
2 2 1176 7068
1 2 1176 10063
1 2 1176 11956
1 2 1178 7098
3 2 1178 7183
3 2 1178 9891
1 2 1178 13231
1 2 1180 4606
1 2 1180 10421
1 2 1182 4100
1 2 1182 4188
1 2 1182 9998
1 2 1183 4102
1 2 1183 11949
1 2 1183 12006
1 2 1184 7089
1 2 1184 7105
1 2 1184 10000
1 2 1185 4075
1 2 1185 11936
1 2 1188 4058
3 2 1188 4190
1 2 1191 7050
1 2 1191 7145
1 2 1191 9968
1 2 1193 10042
1 2 1193 12057
1 2 1194 7100
1 2 1194 10113
1 2 1199 4106
1 2 1199 4971
3 2 1199 12743
1 2 1199 12829
1 2 1200 7105
1 2 1201 4206
1 2 1201 13386
1 2 1202 7108
1 2 1202 12095
1 2 1207 10023
1 2 1209 10479
1 2 1209 10491
3 2 1210 1406
3 2 1210 4322
1 2 1214 1420
1 2 1214 7259
1 2 1221 10236
1 2 1221 10265
1 2 1223 4281
1 2 1228 4237
1 2 1228 7297
3 2 1228 7340
1 2 1229 1391
1 2 1229 4369
1 2 1229 12285
1 2 1233 9292
1 2 1233 10329
3 2 1233 12157
1 2 1233 12287
1 2 1239 1402
1 2 1243 1312
1 2 1243 1382
1 2 1243 4389
1 2 1244 4433
1 2 1244 7225
1 2 1247 12254
1 2 1254 4294
1 2 1254 4322
3 2 1258 1305
1 2 1258 4265
3 2 1258 10226
1 2 1262 3706
1 2 1262 7718
1 2 1262 7820
1 2 1267 1343
1 2 1267 4404
1 2 1267 9733
1 2 1268 4420
1 2 1268 7436
1 2 1268 8067
1 2 1268 10149
1 2 1268 10246
1 2 1268 12164
1 2 1274 1313
1 2 1274 10150
1 2 1274 10322
1 2 1275 4365
1 2 1276 4309
3 2 1276 12115
3 2 1278 1305
1 2 1278 12117
1 2 1279 4310
1 2 1281 1308
1 2 1281 12201
1 2 1282 4287
1 2 1282 4342
1 2 1282 10318
1 2 1284 7433
1 2 1284 10247
1 2 1284 12291
1 2 1285 10162
1 2 1285 12204
1 2 1287 10292
1 2 1288 7323
1 2 1288 10165
1 2 1290 3502
1 2 1290 3563
1 2 1290 4322
1 2 1291 7342
1 2 1291 12144
2 2 1292 1327
3 2 1292 1775
1 2 1292 4242
3 2 1292 10170
3 2 1294 1694
1 2 1294 1775
3 2 1295 3155
1 2 1295 4298
3 2 1295 10579
1 2 1297 1794
1 2 1297 4734
1 2 1299 4784
2 2 1299 4869
1 2 1299 9480
1 2 1299 11902
1 2 1300 4255
1 2 1300 4334
1 2 1302 4379
1 2 1302 7280
2 2 1305 4283
1 2 1307 3000
1 2 1307 10200
1 2 1308 4388
1 2 1309 1800
1 2 1309 12619
1 2 1312 12177
1 2 1313 4320
1 2 1314 4227
1 2 1314 12294
1 2 1319 4192
1 2 1319 4559
1 2 1319 7294
1 2 1319 7446
1 2 1319 12841
1 2 1320 7414
1 2 1320 10327
1 2 1320 12214
1 2 1322 1820
1 2 1322 12446
3 2 1327 9292
3 2 1327 10170
1 2 1330 10154
1 2 1330 12127
1 2 1333 10344
1 2 1334 7328
1 2 1334 10329
1 2 1335 12171
1 2 1336 1754
1 2 1336 6025
1 2 1337 1394
2 2 1337 4312
1 2 1337 4371
1 2 1338 1619
1 2 1338 12459
1 2 1341 3778
1 2 1341 4270
1 2 1341 4345
1 2 1341 7435
1 2 1343 4290
1 2 1343 12136
3 2 1344 4420
1 2 1344 7310
3 2 1344 7436
1 2 1344 10278
1 2 1344 10897
1 2 1344 12734
3 2 1346 3629
1 2 1346 6529
3 2 1346 9503
2 2 1346 11516
1 2 1347 1763
1 2 1347 6754
1 2 1347 7761
1 2 1348 4355
3 2 1349 7013
1 2 1349 10270
1 2 1352 4757
3 2 1352 4811
3 2 1352 7834
3 2 1352 7892
1 2 1352 9802
1 2 1354 4623
1 2 1354 7361
1 2 1356 12149
1 2 1359 5104
1 2 1359 7411
1 2 1359 10324
3 2 1359 12142
1 2 1359 12226
1 2 1364 1376
1 2 1364 12215
1 2 1367 4925
1 2 1367 12767
1 2 1368 7423
3 2 1369 4665
1 2 1369 7822
3 2 1369 12515
1 2 1369 12528
1 2 1372 10306
1 2 1372 12279
3 2 1375 1879
3 2 1375 4232
3 2 1375 4333
1 2 1375 10239
1 2 1375 10633
1 2 1376 10297
2 2 1376 12215
1 2 1377 4299
1 2 1377 5055
1 2 1377 5086
1 2 1377 8114
3 2 1377 9951
3 2 1377 12137
1 2 1377 12777
3 2 1380 7416
3 2 1380 10286
1 2 1381 4416
1 2 1381 12164
1 2 1384 10205
1 2 1386 7223
1 2 1386 7421
1 2 1386 12249
3 2 1387 4209
3 2 1387 4824
1 2 1391 1418
1 2 1394 4312
1 2 1394 12286
1 2 1395 4925
1 2 1395 12705
1 2 1398 10279
1 2 1402 4595
1 2 1402 7335
1 2 1403 4336
1 2 1403 12125
1 2 1405 5063
3 2 1405 7060
3 2 1405 7119
1 2 1405 10311
1 2 1406 4261
1 2 1408 1858
1 2 1408 4413
1 2 1408 4428
1 2 1409 4416
1 2 1409 7265
1 2 1409 7288
1 2 1409 10130
1 2 1409 12247
1 2 1411 1763
1 2 1411 7858
1 2 1411 10644
1 2 1411 12571
1 2 1412 4344
1 2 1412 8100
1 2 1412 10208
1 2 1412 12146
1 2 1413 4390
1 2 1413 12277
1 2 1413 12293
1 2 1414 4347
1 2 1414 12183
1 2 1415 10165
1 2 1415 12253
1 2 1418 1680
1 2 1418 12619
1 2 1420 12272
1 2 1424 4285
1 2 1424 4432
1 2 1424 7304
1 2 1424 12289
1 2 1425 4406
1 2 1425 4621
1 2 1425 10307
1 2 1427 7367
1 2 1427 7408
1 2 1427 7587
1 2 1427 12122
3 2 1430 4321
3 2 1430 10152
1 2 1431 7669
1 2 1433 12325
1 2 1433 12353
3 2 1433 12381
1 2 1433 12470
1 2 1436 6717
1 2 1436 9673
3 2 1436 9693
1 2 1436 9708
1 2 1438 4469
1 2 1441 1564
3 2 1441 1621
1 2 1441 12361
1 2 1441 12463
1 2 1444 4204
1 2 1444 7220
3 2 1444 7593
3 2 1444 10358
1 2 1444 12035
1 2 1444 12452
1 2 1445 4452
3 2 1445 4527
3 2 1445 4601
1 2 1445 6696
3 2 1445 9727
1 2 1445 12568
1 2 1445 12709
1 2 1446 2227
1 2 1446 5168
1 2 1446 10967
1 2 1446 10989
1 2 1448 4156
1 2 1449 2172
1 2 1449 5163
1 2 1449 7500
1 2 1449 10515
1 2 1449 12453
2 2 1453 1643
1 2 1453 4535
1 2 1453 7524
1 2 1453 7552
1 2 1453 10449
2 2 1459 10148
1 2 1459 10187
3 2 1459 10601
1 2 1459 10660
3 2 1459 11687
1 2 1464 7516
1 2 1467 12450
1 2 1468 1494
3 2 1468 4556
1 2 1468 7576
1 2 1468 8178
1 2 1472 7651
1 2 1472 7666
1 2 1474 8095
1 2 1474 10006
1 2 1474 10335
1 2 1480 11975
1 2 1480 12381
1 2 1480 12470
1 2 1483 10488
1 2 1483 10530
1 2 1485 3994
1 2 1485 4653
1 2 1485 7527
3 2 1485 9949
1 2 1485 10394
1 2 1488 7492
1 2 1492 1566
2 2 1492 4585
1 2 1492 7469
1 2 1492 10386
1 2 1492 12404
1 2 1494 4556
1 2 1494 8178
3 2 1494 12064
1 2 1494 13397
1 2 1497 10349
1 2 1497 12366
1 2 1497 12423
1 2 1498 7579
1 2 1498 10473
1 2 1499 1638
1 2 1499 4633
1 2 1499 11903
1 2 1500 7628
1 2 1500 10337
1 2 1500 12313
1 2 1500 12486
1 2 1502 4876
1 2 1502 12485
1 2 1503 1559
1 2 1503 4522
1 2 1503 5001
1 2 1503 7485
1 2 1503 7543
1 2 1503 10355
1 2 1503 12401
1 2 1503 12458
3 2 1506 7466
1 2 1506 7558
3 2 1506 10343
3 2 1506 10412
1 2 1506 10439
1 2 1509 5231
1 2 1509 10442
1 2 1509 10668
1 2 1509 10697
1 2 1509 12419
3 2 1510 8120
3 2 1510 12375
1 2 1512 4646
1 2 1512 7595
1 2 1512 12493
1 2 1516 1929
1 2 1516 4515
1 2 1516 9986
1 2 1517 11701
1 2 1519 1531
1 2 1519 4174
1 2 1519 4538
1 2 1519 10421
1 2 1519 12344
1 2 1522 12319
1 2 1523 1621
1 2 1523 4569
1 2 1523 7607
1 2 1523 10457
1 2 1523 12305
1 2 1523 12361
1 2 1523 12365
1 2 1524 8143
1 2 1524 10998
1 2 1525 1553
1 2 1525 7455
1 2 1525 12322
1 2 1525 12366
1 2 1526 5175
1 2 1526 10949
1 2 1526 10983
1 2 1526 10997
1 2 1527 4590
3 2 1527 10339
1 2 1527 10393
1 2 1527 12497
1 2 1528 1643
1 2 1528 7555
1 2 1528 12313
1 2 1528 12401
1 2 1528 12486
1 2 1529 1542
1 2 1529 4548
1 2 1529 5156
1 2 1529 12466
1 2 1534 1564
1 2 1534 2043
1 2 1534 4567
1 2 1534 9802
1 2 1534 10370
1 2 1536 4614
3 2 1536 7661
1 2 1536 12434
1 2 1537 4478
3 2 1537 10427
1 2 1537 12406
1 2 1537 12435
1 2 1538 10358
3 2 1538 12307
3 2 1539 11674
3 2 1539 11708
1 2 1540 4630
1 2 1540 7579
1 2 1541 4459
1 2 1541 4516
1 2 1541 7334
1 2 1541 10361
1 2 1541 10751
1 2 1542 5110
1 2 1542 7594
1 2 1543 1750
1 2 1543 9553
2 2 1543 10189
1 2 1545 1732
1 2 1545 7767
1 2 1545 9623
1 2 1545 10379
1 2 1545 10463
1 2 1547 3994
3 2 1547 7202
1 2 1547 10029
1 2 1547 10465
3 2 1547 11975
1 2 1549 1578
1 2 1549 10804
1 2 1550 7546
1 2 1550 12347
1 2 1552 2126
1 2 1552 7548
1 2 1553 10514
1 2 1553 12395
1 2 1554 1623
1 2 1554 7775
1 2 1554 10420
1 2 1555 1568
1 2 1555 4573
1 2 1555 10402
1 2 1555 12364
1 2 1555 12379
1 2 1556 1584
1 2 1556 12353
1 2 1557 8230
1 2 1557 10936
1 2 1557 12382
1 2 1559 4522
1 2 1559 7555
1 2 1559 7599
1 2 1559 10355
1 2 1559 10410
1 2 1560 9910
1 2 1560 10341
1 2 1560 10478
1 2 1560 11589
1 2 1560 12456
1 2 1562 7517
1 2 1562 12461
1 2 1564 7834
1 2 1564 9802
1 2 1564 10717
1 2 1564 12361
3 2 1565 4543
1 2 1565 7887
1 2 1566 7562
1 2 1567 3913
1 2 1567 7663
1 2 1568 1624
1 2 1568 4573
1 2 1568 4602
1 2 1568 12394
3 2 1569 2005
1 2 1569 4516
3 2 1569 4571
1 2 1569 10471
1 2 1569 10751
1 2 1570 2116
1 2 1570 5227
1 2 1570 7592
1 2 1570 7649
1 2 1570 12451
1 2 1571 3815
1 2 1571 6811
1 2 1571 7670
1 2 1571 10519
1 2 1571 12482
1 2 1572 1584
1 2 1572 12353
1 2 1572 12381
1 2 1572 12439
1 2 1573 1623
1 2 1573 1632
1 2 1573 7639
1 2 1573 10671
1 2 1575 5007
3 2 1575 6932
1 2 1575 7208
1 2 1575 7571
1 2 1576 1614
1 2 1578 1634
1 2 1578 11871
3 2 1579 7574
3 2 1579 9946
1 2 1582 9727
3 2 1582 9779
3 2 1582 10657
3 2 1582 12568
1 2 1583 2109
1 2 1583 2181
1 2 1583 4587
1 2 1583 10994
1 2 1583 11003
1 2 1584 7388
1 2 1584 12439
1 2 1585 4575
1 2 1585 7581
1 2 1585 8238
3 2 1586 1678
1 2 1586 7449
1 2 1586 7458
3 2 1586 7539
1 2 1586 10516
1 2 1587 4622
1 2 1587 7422
1 2 1587 8110
1 2 1587 10192
2 2 1587 10753
1 2 1587 11717
1 2 1587 12735
1 2 1588 1645
1 2 1588 1847
1 2 1588 4506
1 2 1588 7897
1 2 1588 12618
3 2 1590 6904
3 2 1590 12432
1 2 1591 10146
1 2 1591 10547
1 2 1593 7477
1 2 1593 10359
1 2 1594 4598
1 2 1594 4641
2 2 1595 4527
1 2 1595 4531
1 2 1595 7551
1 2 1595 9796
1 2 1595 10448
3 2 1595 12437
3 2 1596 1639
1 2 1596 10418
1 2 1596 12409
1 2 1596 12998
1 2 1597 4028
1 2 1597 4134
1 2 1597 7095
1 2 1598 4575
1 2 1598 4589
1 2 1598 7581
1 2 1598 7594
1 2 1599 6671
1 2 1599 9702
3 2 1599 11708
1 2 1599 12309
1 2 1599 12380
1 2 1600 3795
1 2 1600 10106
1 2 1600 12372
1 2 1601 6699
1 2 1603 7508
1 2 1603 11931
1 2 1604 4508
1 2 1604 7626
1 2 1604 11635
2 2 1604 12437
1 2 1606 3942
1 2 1606 7671
1 2 1609 4616
1 2 1609 4644
3 2 1609 7124
1 2 1609 7662
1 2 1609 10077
3 2 1609 12050
1 2 1610 4477
3 2 1610 11645
3 2 1610 11674
1 2 1611 7450
1 2 1611 10458
1 2 1612 7609
1 2 1612 12086
1 2 1613 1626
1 2 1613 1654
1 2 1613 10502
1 2 1613 12496
1 2 1614 10395
1 2 1614 12465
1 2 1615 4565
1 2 1615 4650
1 2 1615 4756
1 2 1615 7480
1 2 1615 7668
1 2 1615 12429
1 2 1616 6946
3 2 1616 6985
3 2 1616 9907
1 2 1618 1806
1 2 1618 2043
1 2 1618 5103
1 2 1618 6803
1 2 1619 4342
3 2 1621 4569
1 2 1621 12346
1 2 1621 12361
1 2 1621 12463
1 2 1622 7465
1 2 1622 10469
1 2 1622 12241
1 2 1624 4602
1 2 1624 7621
1 2 1626 4604
1 2 1627 7812
1 2 1627 12337
1 2 1628 7637
1 2 1628 7653
1 2 1630 2022
1 2 1630 5057
1 2 1630 12732
1 2 1632 10742
1 2 1634 3942
1 2 1636 4755
1 2 1636 6935
1 2 1637 10471
1 2 1637 12035
2 2 1637 12452
1 2 1638 11836
1 2 1639 4643
1 2 1639 12409
1 2 1639 12494
1 2 1640 12495
1 2 1640 13143
1 2 1641 7638
1 2 1641 10347
1 2 1641 12481
1 2 1642 4576
1 2 1642 4646
1 2 1642 7595
1 2 1642 12352
1 2 1642 12421
1 2 1643 4507
1 2 1643 4535
1 2 1643 7555
1 2 1643 12313
1 2 1645 7582
1 2 1646 4444
1 2 1646 4510
1 2 1646 4625
1 2 1646 7464
1 2 1646 7797
1 2 1646 10355
1 2 1646 10477
1 2 1648 4652
1 2 1648 10509
1 2 1649 4499
1 2 1649 12465
1 2 1650 7034
3 2 1650 10344
1 2 1650 12449
1 2 1652 2157
1 2 1652 4630
1 2 1652 8228
1 2 1654 12336
1 2 1654 12481
1 2 1654 12496
3 2 1655 4508
1 2 1655 4531
3 2 1655 10461
1 2 1656 5310
3 2 1656 7475
1 2 1656 7565
1 2 1656 10878
1 2 1656 12338
1 2 1657 7807
1 2 1657 10715
1 2 1658 1827
1 2 1658 3869
1 2 1658 7684
1 2 1658 10588
1 2 1662 1680
1 2 1662 10633
3 2 1663 7756
3 2 1663 10582
1 2 1663 10651
1 2 1667 5161
1 2 1667 7755
1 2 1667 10455
1 2 1667 10581
1 2 1668 4764
1 2 1668 10653
3 2 1672 4705
3 2 1672 7786
1 2 1672 10683
1 2 1675 1825
1 2 1678 1770
1 2 1678 7458
3 2 1678 9892
1 2 1678 10516
1 2 1680 10308
1 2 1683 7852
1 2 1683 10569
1 2 1683 10595
1 2 1683 12516
1 2 1683 12586
1 2 1684 4669
1 2 1685 1816
1 2 1685 7822
1 2 1685 10580
1 2 1688 2151
1 2 1688 5106
1 2 1688 8245
1 2 1690 1832
1 2 1690 10327
1 2 1690 10693
1 2 1690 12124
1 2 1690 12673
1 2 1693 10698
1 2 1693 12548
1 2 1694 7874
3 2 1696 4705
1 2 1696 7835
1 2 1696 10658
1 2 1702 7822
1 2 1704 1808
1 2 1704 7228
1 2 1704 7778
1 2 1704 10648
1 2 1704 10716
1 2 1704 10720
3 2 1709 7800
3 2 1709 10568
3 2 1709 10696
1 2 1713 1746
1 2 1713 7783
1 2 1713 7887
1 2 1719 1866
1 2 1719 3699
1 2 1719 4807
1 2 1719 6827
1 2 1719 12550
1 2 1726 12672
3 2 1727 4797
1 2 1731 1929
1 2 1731 10858
2 2 1733 1860
1 2 1733 4366
1 2 1733 7687
1 2 1733 12606
2 2 1733 12679
1 2 1734 7776
3 2 1734 7896
3 2 1734 12550
1 2 1734 12588
1 2 1734 12693
1 2 1735 4808
1 2 1735 7902
1 2 1736 4741
1 2 1736 7779
1 2 1736 10672
1 2 1737 7761
1 2 1737 7853
1 2 1737 10644
1 2 1738 1809
1 2 1738 2102
1 2 1738 4586
1 2 1738 12570
1 2 1738 12624
1 2 1738 12627
1 2 1739 4847
1 2 1739 7754
1 2 1742 1755
1 2 1746 1786
1 2 1747 7745
1 2 1750 1808
1 2 1750 7778
1 2 1750 9553
1 2 1750 12696
1 2 1752 1836
1 2 1752 1870
1 2 1752 3719
1 2 1752 4772
1 2 1752 10685
2 2 1752 10709
1 2 1752 12685
1 2 1753 3708
1 2 1753 7892
1 2 1753 10532
1 2 1753 10606
1 2 1753 12024
1 2 1753 12513
1 2 1754 7375
1 2 1754 11228
1 2 1754 12527
1 2 1755 1820
1 2 1756 4742
1 2 1756 6887
1 2 1756 7764
1 2 1757 12517
1 2 1758 8083
1 2 1758 10281
1 2 1758 10909
3 2 1759 7798
1 2 1759 10637
1 2 1760 4029
1 2 1760 7829
1 2 1760 10341
1 2 1760 10526
3 2 1762 4797
3 2 1762 4837
3 2 1762 10543
1 2 1763 6754
1 2 1763 7766
1 2 1763 7858
1 2 1764 7875
1 2 1764 10700
1 2 1767 6722
1 2 1767 7760
1 2 1767 7877
1 2 1767 10706
1 2 1768 7833
1 2 1768 10692
1 2 1769 4875
3 2 1769 7899
3 2 1769 11571
3 2 1770 10666
3 2 1770 11788
1 2 1770 12418
1 2 1771 1841
1 2 1771 7895
1 2 1771 12659
1 2 1773 4791
1 2 1773 12924
1 2 1775 4850
1 2 1776 4852
1 2 1776 7697
1 2 1776 7873
1 2 1776 10567
1 2 1776 12537
1 2 1778 7971
1 2 1778 12820
1 2 1779 4803
1 2 1779 12528
1 2 1782 4784
1 2 1782 4869
1 2 1782 10718
1 2 1782 12701
1 2 1784 4817
1 2 1784 12517
1 2 1786 7692
1 2 1786 10609
1 2 1788 1848
2 2 1788 3721
1 2 1788 4759
1 2 1788 12593
1 2 1788 12603
1 2 1788 12663
1 2 1789 9695
1 2 1789 10556
1 2 1789 10602
1 2 1789 10672
1 2 1789 12535
1 2 1790 7825
1 2 1790 7861
1 2 1793 11814
3 2 1793 12765
3 2 1794 4734
3 2 1794 4803
1 2 1794 10546
1 2 1794 11410
1 2 1796 4655
1 2 1796 12448
3 2 1797 7687
1 2 1797 7708
3 2 1797 10537
1 2 1797 10546
1 2 1799 10548
1 2 1799 12508
1 2 1800 4670
1 2 1801 7692
1 2 1801 7826
1 2 1801 10609
1 2 1802 4246
1 2 1802 7616
1 2 1803 7769
1 2 1803 10664
1 2 1804 3010
1 2 1804 3498
1 2 1804 6726
1 2 1804 12166
1 2 1806 2043
1 2 1806 4811
1 2 1806 7904
1 2 1806 9802
1 2 1808 7228
1 2 1808 7778
1 2 1808 9553
3 2 1809 10588
1 2 1809 12570
1 2 1809 12627
1 2 1809 12642
1 2 1811 12469
3 2 1814 4804
1 2 1814 7826
1 2 1815 7688
1 2 1815 7814
1 2 1815 10711
1 2 1816 7822
1 2 1819 12592
1 2 1821 9553
3 2 1821 10133
3 2 1821 12567
1 2 1825 4224
1 2 1825 12583
1 2 1827 3869
1 2 1827 7780
1 2 1827 10588
1 2 1827 12642
3 2 1831 4664
3 2 1831 9910
1 2 1831 10341
1 2 1831 11971
1 2 1832 4838
1 2 1832 10693
1 2 1832 12124
1 2 1832 12578
1 2 1833 4584
1 2 1833 4696
1 2 1836 4772
1 2 1836 10709
1 2 1836 12566
1 2 1838 4704
1 2 1838 4843
1 2 1841 7895
1 2 1841 10648
3 2 1843 9834
1 2 1845 7691
1 2 1845 7851
1 2 1845 10678
1 2 1845 12660
1 2 1846 10930
1 2 1846 10988
1 2 1847 7832
1 2 1847 7873
1 2 1847 7894
1 2 1847 10567
1 2 1847 12618
1 2 1848 3721
1 2 1848 12145
1 2 1848 12685
1 2 1849 4029
1 2 1849 7776
1 2 1849 9678
3 2 1850 4724
3 2 1850 7815
1 2 1850 12595
1 2 1850 12666
1 2 1851 4741
1 2 1851 7760
1 2 1851 7814
1 2 1851 12585
1 2 1851 12651
1 2 1854 1857
1 2 1854 4838
1 2 1857 7718
2 2 1857 10593
1 2 1857 11712
1 2 1858 7853
1 2 1860 7825
1 2 1860 10555
1 2 1860 12606
1 2 1861 10455
1 2 1862 7756
3 2 1862 12134
1 2 1864 7890
1 2 1864 12427
1 2 1866 4807
1 2 1866 6752
1 2 1866 6827
1 2 1866 9880
1 2 1867 4880
1 2 1867 7536
1 2 1867 9880
1 2 1867 10719
1 2 1867 12577
1 2 1867 12667
1 2 1870 3719
1 2 1870 4790
1 2 1870 11667
1 2 1870 12145
1 2 1870 12685
1 2 1872 4678
1 2 1873 4426
1 2 1873 4790
1 2 1873 11667
1 2 1874 4851
1 2 1874 7872
1 2 1875 7745
1 2 1875 7771
1 2 1875 12620
1 2 1876 4853
1 2 1876 7841
1 2 1876 12621
3 2 1879 7317
1 2 1881 4527
1 2 1881 6696
1 2 1881 10448
1 2 1881 11621
1 2 1896 4755
1 2 1896 12861
1 2 1900 2021
1 2 1900 4991
1 2 1900 10842
1 2 1900 12753
1 2 1900 12867
1 2 1908 2054
2 2 1908 4149
1 2 1908 4971
1 2 1908 4984
1 2 1908 7998
1 2 1908 12844
1 2 1909 2038
1 2 1909 4957
1 2 1913 9834
1 2 1913 12752
1 2 1914 4918
1 2 1914 10743
1 2 1914 12806
1 2 1914 12887
1 2 1915 3875
1 2 1915 12875
1 2 1919 4629
1 2 1919 10671
1 2 1919 11687
1 2 1922 2065
1 2 1922 5050
1 2 1927 4884
1 2 1927 5022
1 2 1927 12341
1 2 1927 12782
1 2 1932 2025
1 2 1932 12817
1 2 1937 8056
1 2 1937 12845
1 2 1939 5196
1 2 1939 10962
1 2 1945 4977
1 2 1945 7935
1 2 1945 8057
1 2 1949 5096
3 2 1949 7080
1 2 1949 10816
3 2 1949 11995
1 2 1950 12808
1 2 1951 10919
1 2 1951 12843
1 2 1952 2083
1 2 1952 4956
1 2 1952 10172
1 2 1952 12721
1 2 1954 5038
1 2 1954 10894
1 2 1954 12897
1 2 1957 5029
1 2 1957 7573
1 2 1959 10854
1 2 1959 12706
1 2 1960 8052
1 2 1963 2026
1 2 1963 8031
1 2 1963 8074
1 2 1965 2011
1 2 1965 7913
1 2 1965 8089
1 2 1965 12755
1 2 1967 9960
1 2 1968 4515
1 2 1968 8054
1 2 1969 2025
1 2 1969 4938
1 2 1971 7084
1 2 1971 7903
1 2 1971 10735
1 2 1971 10866
1 2 1971 10898
3 2 1972 4975
3 2 1972 6897
3 2 1972 10645
1 2 1975 12707
3 2 1976 2006
3 2 1976 7301
1 2 1978 4998
1 2 1978 8106
1 2 1978 10139
2 2 1980 4110
1 2 1980 10847
1 2 1982 2065
1 2 1982 5067
1 2 1982 8125
1 2 1983 4299
1 2 1983 7064
1 2 1983 9973
1 2 1987 7615
1 2 1987 10615
1 2 1987 10824
1 2 1987 12501
1 2 1987 12670
1 2 1988 13087
1 2 1992 8021
1 2 1992 8034
1 2 1992 10831
1 2 1996 12322
1 2 1998 4955
1 2 1998 8064
1 2 1998 9773
1 2 1998 12301
1 2 1998 12720
1 2 2002 2032
1 2 2002 10729
3 2 2002 10772
1 2 2002 12041
1 2 2002 12868
1 2 2003 7989
1 2 2003 12725
3 2 2004 7994
1 2 2004 8001
3 2 2005 7938
1 2 2005 10332
3 2 2005 12786
1 2 2006 4295
1 2 2006 7911
1 2 2008 2011
1 2 2008 4887
1 2 2008 4956
1 2 2008 5052
1 2 2008 10172
1 2 2008 12755
2 2 2011 4956
1 2 2011 12755
1 2 2012 8015
1 2 2012 10915
1 2 2019 5061
1 2 2019 12782
1 2 2019 12811
1 2 2021 10889
1 2 2022 4888
1 2 2022 12797
1 2 2023 10747
1 2 2023 10790
1 2 2024 7716
1 2 2024 9986
1 2 2025 8021
1 2 2025 12900
1 2 2028 5100
1 2 2028 7971
1 2 2030 5048
1 2 2030 7240
1 2 2031 8017
1 2 2032 2086
1 2 2032 5157
1 2 2032 10729
1 2 2032 11955
1 2 2032 12708
1 2 2032 12868
1 2 2036 4045
1 2 2036 10807
1 2 2036 12137
1 2 2037 8097
1 2 2037 12745
1 2 2038 2094
1 2 2042 4884
2 2 2042 6785
1 2 2042 6987
1 2 2043 4567
1 2 2043 6803
1 2 2043 9802
1 2 2046 2088
1 2 2046 7989
1 2 2046 12826
2 2 2046 12881
1 2 2050 12731
1 2 2051 4887
1 2 2051 8032
1 2 2051 13089
1 2 2053 2099
1 2 2053 5100
1 2 2053 10750
1 2 2053 13380
1 2 2053 13381
3 2 2054 2086
3 2 2054 4915
3 2 2054 7905
1 2 2054 7998
3 2 2054 12868
1 2 2055 3972
1 2 2055 7762
1 2 2055 9908
1 2 2055 12624
1 2 2058 10488
1 2 2060 5061
1 2 2060 12835
1 2 2067 10726
1 2 2067 10841
1 2 2067 12819
1 2 2069 8012
1 2 2069 12833
1 2 2071 4553
1 2 2071 12793
1 2 2073 10883
1 2 2073 11934
1 2 2073 12808
1 2 2076 7106
1 2 2076 12708
1 2 2076 12822
1 2 2079 10747
1 2 2080 5036
1 2 2080 5054
1 2 2082 3960
1 2 2082 8025
1 2 2082 9829
1 2 2082 9920
1 2 2082 11743
1 2 2083 4956
1 2 2083 13088
1 2 2085 8056
3 2 2086 10794
3 2 2086 11955
3 2 2086 12868
1 2 2088 10784
1 2 2089 8001
1 2 2089 12726
1 2 2089 13366
1 2 2091 4167
1 2 2091 4295
1 2 2091 7256
1 2 2092 4106
1 2 2092 4971
1 2 2092 7080
1 2 2092 10816
1 2 2094 5039
1 2 2097 3795
1 2 2097 7994
1 2 2097 10793
1 2 2097 12046
1 2 2099 10796
1 2 2099 13381
1 2 2100 8015
1 2 2101 4949
1 2 2102 9908
1 2 2102 10642
1 2 2102 10867
1 2 2102 12627
1 2 2102 12684
1 2 2104 5038
1 2 2104 10746
1 2 2104 12811
1 2 2105 4106
1 2 2105 4950
3 2 2105 10816
3 2 2105 10872
1 2 2105 11995
1 2 2106 2173
1 2 2106 5213
1 2 2106 10986
1 2 2109 8181
1 2 2109 8239
1 2 2109 11008
1 2 2114 8249
1 2 2114 11019
1 2 2120 7842
2 2 2120 10929
1 2 2120 12971
1 2 2123 5164
1 2 2126 10966
1 2 2130 2155
1 2 2130 12924
1 2 2130 12932
1 2 2132 2178
1 2 2132 5107
1 2 2136 2158
1 2 2136 11022
1 2 2146 2155
1 2 2146 5161
1 2 2149 10935
1 2 2149 12306
1 2 2149 12321
1 2 2150 5153
1 2 2150 12913
1 2 2150 12933
1 2 2151 4851
1 2 2151 5177
1 2 2151 7842
1 2 2152 2194
1 2 2153 8226
3 2 2153 10999
1 2 2153 12996
1 2 2154 6027
1 2 2155 4776
1 2 2155 7755
1 2 2155 12576
1 2 2155 12932
1 2 2157 4630
1 2 2157 5175
3 2 2157 10983
1 2 2158 5152
1 2 2158 10964
1 2 2158 11022
1 2 2158 12942
1 2 2158 12970
1 2 2159 2217
1 2 2159 10972
1 2 2159 12908
1 2 2160 12916
1 2 2160 12979
1 2 2162 12983
1 2 2162 12997
1 2 2163 4453
1 2 2163 10977
1 2 2164 2178
1 2 2164 5153
1 2 2164 7561
1 2 2164 8179
1 2 2164 10345
1 2 2167 7476
1 2 2167 7636
1 2 2167 8210
1 2 2167 12977
1 2 2168 2214
1 2 2168 12913
1 2 2169 12952
1 2 2171 5106
1 2 2171 7900
1 2 2171 10400
1 2 2171 10566
1 2 2171 12064
1 2 2171 13396
1 2 2172 5163
1 2 2172 8169
1 2 2172 10943
1 2 2172 13000
1 2 2173 12922
1 2 2173 12964
1 2 2174 8231
1 2 2174 10952
1 2 2174 10987
1 2 2174 12930
1 2 2175 7561
1 2 2175 10933
1 2 2175 13273
1 2 2178 2228
1 2 2178 5107
1 2 2178 8179
1 2 2179 5191
1 2 2179 8194
1 2 2179 10964
1 2 2180 12908
1 2 2180 12971
1 2 2181 8224
1 2 2181 10945
1 2 2181 10959
1 2 2181 10994
1 2 2181 12937
1 2 2182 2210
1 2 2182 5166
1 2 2185 5172
1 2 2185 8148
1 2 2185 8210
1 2 2185 10432
1 2 2185 12334
1 2 2185 12479
1 2 2189 5187
1 2 2191 10969
1 2 2191 12948
1 2 2192 8193
1 2 2192 13210
1 2 2193 5212
1 2 2194 11007
1 2 2194 12901
1 2 2196 8205
1 2 2197 5195
1 2 2197 7839
1 2 2197 8212
1 2 2199 8161
1 2 2199 12306
1 2 2203 2211
1 2 2203 5195
1 2 2205 5225
1 2 2205 12906
1 2 2206 5196
1 2 2206 5224
1 2 2207 4879
1 2 2208 5143
1 2 2208 8169
1 2 2208 10965
1 2 2208 10986
1 2 2210 13286
1 2 2210 13288
1 2 2211 8232
1 2 2211 8241
1 2 2213 5217
1 2 2213 10400
1 2 2213 10668
1 2 2213 12648
1 2 2215 10992
1 2 2216 10929
1 2 2217 5164
1 2 2219 8186
1 2 2219 8220
1 2 2224 5229
1 2 2224 11001
1 2 2224 13304
1 2 2224 13311
1 2 2225 5202
1 2 2227 5168
1 2 2227 10933
1 2 2227 10989
1 2 2228 5153
1 2 2407 7858
1 2 2843 7124
1 2 2843 10035
1 2 2843 12050
1 2 2994 9078
1 2 2994 11159
2 2 2996 9131
1 2 2996 9168
1 2 2996 11107
1 2 2996 11143
1 2 2998 9231
1 2 2999 9333
3 2 2999 11315
1 2 3000 9145
1 2 3000 10200
1 2 3003 11190
1 2 3005 6147
1 2 3005 9182
1 2 3007 11078
1 2 3007 11184
3 2 3008 9162
1 2 3009 3025
1 2 3009 3117
1 2 3010 6754
1 2 3010 7766
1 2 3010 7787
1 2 3010 12166
1 2 3012 9201
1 2 3021 6042
1 2 3021 9157
1 2 3021 11028
1 2 3022 6038
1 2 3022 6118
1 2 3022 9139
1 2 3025 3137
1 2 3025 6138
1 2 3025 11172
3 2 3027 3139
1 2 3027 3363
1 2 3030 3133
1 2 3030 3187
1 2 3030 9061
1 2 3033 9118
1 2 3033 11092
1 2 3035 3143
1 2 3035 11131
1 2 3039 6185
1 2 3039 11148
1 2 3041 9155
1 2 3041 9192
1 2 3041 11133
1 2 3045 9117
1 2 3045 11091
1 2 3045 11147
1 2 3048 3088
1 2 3050 6150
1 2 3050 11162
1 2 3053 6139
3 2 3053 9098
3 2 3053 11097
1 2 3054 3104
1 2 3054 6074
1 2 3054 9226
1 2 3054 11155
1 2 3055 3193
1 2 3055 11115
1 2 3056 6077
1 2 3056 11143
1 2 3059 6080
1 2 3059 9170
1 2 3059 11037
3 2 3060 3151
1 2 3060 9100
3 2 3060 9150
3 2 3061 6186
3 2 3061 9183
1 2 3062 6161
1 2 3062 11190
3 2 3063 3375
1 2 3063 6164
2 2 3063 6188
1 2 3063 9054
1 2 3065 3075
1 2 3065 3130
1 2 3065 9130
1 2 3065 11171
1 2 3066 3103
3 2 3066 3167
1 2 3066 9180
1 2 3068 9061
1 2 3068 9169
1 2 3070 6195
1 2 3070 9218
3 2 3072 6035
1 2 3072 9164
1 2 3073 3115
1 2 3073 3149
1 2 3073 3153
1 2 3073 6134
1 2 3074 3174
1 2 3074 6381
2 2 3074 11291
1 2 3075 3338
1 2 3075 9041
1 2 3075 11171
1 2 3076 3704
1 2 3076 6706
1 2 3076 9635
1 2 3077 3143
1 2 3077 6167
1 2 3078 6021
1 2 3078 11212
1 2 3079 3166
1 2 3081 6193
1 2 3081 7330
1 2 3081 11042
3 2 3081 11061
1 2 3083 6066
1 2 3083 9094
1 2 3083 9194
1 2 3084 6057
1 2 3084 6106
1 2 3084 9082
1 2 3084 11159
3 2 3085 11083
1 2 3088 3126
1 2 3089 9234
1 2 3089 9319
1 2 3089 11072
1 2 3092 9248
1 2 3092 11038
1 2 3093 6114
1 2 3094 9036
1 2 3094 9204
1 2 3094 11029
1 2 3095 11155
1 2 3099 9222
1 2 3100 6200
1 2 3100 9093
3 2 3101 3176
1 2 3101 11154
1 2 3102 11025
3 2 3103 3167
3 2 3103 6089
1 2 3103 9050
1 2 3104 6024
1 2 3104 6165
1 2 3104 9108
1 2 3106 6084
1 2 3106 9185
1 2 3106 9193
1 2 3106 11197
1 2 3108 6126
1 2 3108 9035
3 2 3110 6035
3 2 3110 6086
1 2 3110 6095
1 2 3110 9060
1 2 3114 6145
1 2 3116 3190
1 2 3116 3220
1 2 3119 6047
1 2 3119 6138
1 2 3119 9166
1 2 3119 11033
3 2 3121 6181
3 2 3121 9162
1 2 3122 6013
1 2 3124 6143
1 2 3125 9106
1 2 3125 11199
1 2 3126 6187
1 2 3127 12527
1 2 3128 6195
3 2 3130 6102
3 2 3130 9130
1 2 3130 11171
1 2 3133 3187
1 2 3134 6157
1 2 3134 11117
1 2 3135 6119
1 2 3135 6180
1 2 3135 9043
2 2 3135 9200
1 2 3136 6042
1 2 3136 6160
1 2 3137 6047
1 2 3137 9167
1 2 3137 11066
1 2 3138 11069
1 2 3140 11174
1 2 3141 9054
1 2 3141 9218
1 2 3141 11044
1 2 3141 11114
1 2 3142 9190
1 2 3143 6203
1 2 3146 6171
1 2 3146 9114
1 2 3146 11051
1 2 3149 11079
3 2 3150 6300
3 2 3150 11136
1 2 3151 6174
3 2 3152 11426
1 2 3155 7330
1 2 3155 9225
1 2 3155 11200
1 2 3157 6075
1 2 3159 6104
1 2 3159 13270
1 2 3160 11036
3 2 3163 9107
3 2 3163 11083
1 2 3163 11093
1 2 3163 11165
1 2 3164 11086
1 2 3166 6088
1 2 3166 6193
1 2 3168 6102
1 2 3168 9248
1 2 3171 6115
1 2 3171 11151
1 2 3171 11184
1 2 3172 9156
1 2 3174 11291
3 2 3175 9199
1 2 3177 6213
1 2 3177 9232
1 2 3177 11110
1 2 3182 6127
1 2 3182 9149
1 2 3182 11091
1 2 3182 11278
1 2 3183 11118
1 2 3183 11206
1 2 3185 6210
1 2 3187 6052
1 2 3187 6150
3 2 3189 6029
3 2 3189 9195
1 2 3193 11125
1 2 3194 3296
1 2 3194 3525
1 2 3194 6342
1 2 3194 11246
1 2 3196 3246
1 2 3199 3250
1 2 3199 3346
1 2 3199 6230
1 2 3202 11295
1 2 3203 3293
1 2 3203 3507
1 2 3203 6232
3 2 3203 6319
1 2 3203 11453
3 2 3205 3301
3 2 3205 6318
3 2 3205 6384
1 2 3205 9364
3 2 3205 11345
3 2 3206 6235
3 2 3206 6364
1 2 3206 13262
3 2 3207 3312
3 2 3207 6282
3 2 3207 9496
3 2 3207 11444
1 2 3207 11505
1 2 3210 11336
3 2 3211 9498
1 2 3214 10301
1 2 3215 6245
1 2 3215 9343
1 2 3215 11315
3 2 3219 6326
1 2 3219 6459
1 2 3219 9275
1 2 3221 3266
1 2 3221 3360
1 2 3221 6291
3 2 3225 6330
2 2 3225 9566
3 2 3225 11553
1 2 3226 3335
1 2 3226 3390
1 2 3226 6305
1 2 3226 9301
1 2 3229 6148
1 2 3229 11390
1 2 3229 13264
1 2 3230 3295
1 2 3230 6259
3 2 3230 6401
1 2 3231 3368
1 2 3231 6257
1 2 3231 6389
1 2 3231 11366
3 2 3234 3271
1 2 3234 3326
3 2 3234 3395
1 2 3235 3344
1 2 3235 6264
1 2 3235 6367
1 2 3235 6400
1 2 3235 9242
1 2 3235 9287
1 2 3236 9366
1 2 3236 11347
1 2 3240 11338
3 2 3241 6301
3 2 3241 7239
1 2 3242 3359
3 2 3242 3379
1 2 3245 6149
1 2 3245 11340
3 2 3246 3276
3 2 3246 6394
1 2 3247 6273
1 2 3250 3376
1 2 3250 6315
1 2 3250 9313
1 2 3251 3300
1 2 3251 9336
1 2 3254 9327
1 2 3254 11312
1 2 3255 7482
1 2 3255 9374
1 2 3255 10323
3 2 3255 11358
1 2 3256 3281
1 2 3256 6306
3 2 3256 11528
3 2 3257 3302
1 2 3257 9376
3 2 3257 11363
1 2 3258 3312
1 2 3258 3340
3 2 3259 6380
1 2 3259 11236
1 2 3259 11282
3 2 3260 6393
1 2 3261 3349
1 2 3261 6403
1 2 3261 11275
1 2 3262 6496
1 2 3262 6598
3 2 3262 9431
1 2 3262 9498
1 2 3262 11419
1 2 3263 3377
3 2 3263 6348
2 2 3263 11300
1 2 3265 3385
2 2 3265 4324
1 2 3265 11256
1 2 3266 3389
1 2 3266 6329
1 2 3268 3347
2 2 3268 3370
1 2 3268 6392
1 2 3269 3334
1 2 3271 3326
1 2 3271 3395
1 2 3271 6263
1 2 3271 6325
1 2 3271 6349
1 2 3271 6377
1 2 3272 6281
3 2 3272 6296
3 2 3272 11312
3 2 3273 6320
3 2 3273 6395
3 2 3273 9383
1 2 3274 6363
1 2 3275 3387
1 2 3275 11314
2 2 3276 6302
1 2 3277 3341
1 2 3277 6364
3 2 3277 11251
1 2 3277 13263
1 2 3278 11230
1 2 3278 11336
1 2 3279 6303
1 2 3279 11254
3 2 3280 4758
1 2 3280 7320
1 2 3281 11247
3 2 3283 3460
1 2 3283 3510
1 2 3283 6462
3 2 3283 9532
1 2 3283 9570
3 2 3283 11558
1 2 3285 3352
1 2 3285 6374
3 2 3286 3375
1 2 3286 6331
1 2 3286 6406
3 2 3287 9322
1 2 3288 3337
1 2 3288 6314
1 2 3288 9499
1 2 3289 4283
1 2 3289 9349
1 2 3290 9235
1 2 3290 9282
1 2 3290 9348
1 2 3290 11330
1 2 3290 11362
3 2 3291 3318
1 2 3291 9579
3 2 3292 6262
1 2 3292 6315
2 2 3292 11242
1 2 3293 6373
1 2 3294 3300
1 2 3294 3394
1 2 3294 11320
1 2 3294 11365
3 2 3295 3324
1 2 3295 3351
3 2 3295 3380
1 2 3295 6321
3 2 3295 6347
1 2 3295 6401
1 2 3296 3319
1 2 3297 3362
1 2 3297 9253
1 2 3298 9485
1 2 3298 11302
3 2 3299 3541
1 2 3299 3705
1 2 3299 9515
1 2 3300 6388
1 2 3300 11320
3 2 3301 6301
1 2 3301 9297
3 2 3302 9376
1 2 3302 11363
1 2 3303 11344
1 2 3303 11375
1 2 3304 3465
1 2 3304 6353
3 2 3305 6393
3 2 3306 3335
3 2 3306 6386
1 2 3306 6411
1 2 3307 3386
1 2 3307 6412
1 2 3308 11347
3 2 3309 6306
1 2 3309 6359
3 2 3309 9304
1 2 3309 11341
1 2 3310 6324
3 2 3312 6282
1 2 3312 11444
1 2 3314 6336
1 2 3315 6338
1 2 3315 9305
3 2 3315 11356
1 2 3316 6366
1 2 3317 11373
3 2 3318 3346
1 2 3319 9262
1 2 3320 6340
1 2 3320 6413
3 2 3320 9274
3 2 3320 9295
1 2 3321 9333
3 2 3321 11224
1 2 3322 6284
1 2 3322 6343
1 2 3322 6410
1 2 3322 9407
1 2 3323 6022
1 2 3325 3374
3 2 3326 6349
2 2 3327 3391
3 2 3327 9302
1 2 3328 6352
1 2 3328 10301
1 2 3328 11389
1 2 3329 3379
2 2 3330 3357
3 2 3330 3486
3 2 3330 6515
1 2 3331 6354
1 2 3331 9241
1 2 3331 9289
1 2 3331 11220
3 2 3331 11322
1 2 3332 3389
1 2 3332 6353
1 2 3333 11259
1 2 3334 6294
1 2 3334 6357
3 2 3335 3364
1 2 3335 3390
3 2 3335 6252
3 2 3335 6411
1 2 3337 6229
1 2 3339 3387
1 2 3339 6362
3 2 3340 9388
1 2 3341 6364
1 2 3341 13262
1 2 3341 13263
1 2 3342 3359
1 2 3342 11293
3 2 3344 9242
3 2 3344 9287
1 2 3345 9301
1 2 3345 9318
1 2 3345 11235
1 2 3345 11284
3 2 3346 6398
1 2 3347 6392
1 2 3349 6149
1 2 3349 9280
1 2 3350 6292
3 2 3350 6373
3 2 3351 3380
1 2 3351 6347
3 2 3351 6402
1 2 3351 9346
2 2 3352 6374
1 2 3352 11277
3 2 3353 9322
1 2 3354 6314
1 2 3354 9262
1 2 3354 9483
1 2 3354 9731
1 2 3354 11246
1 2 3355 11431
3 2 3355 11493
1 2 3356 6279
1 2 3356 11294
3 2 3357 3486
1 2 3358 11282
1 2 3359 11293
1 2 3361 9402
1 2 3362 6387
1 2 3363 6288
1 2 3365 9336
3 2 3366 3393
3 2 3366 6359
1 2 3366 6413
3 2 3366 9274
1 2 3367 11219
1 2 3367 11444
1 2 3368 6257
3 2 3368 9347
3 2 3369 6221
1 2 3369 6351
3 2 3369 6378
3 2 3369 7239
3 2 3369 9484
3 2 3369 11471
1 2 3370 9311
3 2 3370 11295
3 2 3371 9324
3 2 3371 11262
1 2 3377 6290
1 2 3377 6348
1 2 3377 6396
1 2 3378 6233
1 2 3378 6373
1 2 3378 9289
1 2 3380 6402
1 2 3381 11232
3 2 3381 11515
1 2 3382 11273
1 2 3383 9325
1 2 3383 11275
1 2 3384 9327
1 2 3384 11312
1 2 3385 4324
1 2 3386 6406
1 2 3387 6362
1 2 3388 9485
1 2 3388 10493
1 2 3388 11302
1 2 3390 6305
3 2 3391 6348
1 2 3391 6380
1 2 3391 11282
3 2 3392 6546
1 2 3392 9544
1 2 3392 11247
3 2 3392 11466
3 2 3392 11528
1 2 3393 9274
3 2 3393 13206
3 2 3395 6377
3 2 3395 11493
1 2 3396 9303
1 2 3396 11287
1 2 3396 11334
1 2 3397 3524
3 2 3397 6488
1 2 3397 6549
3 2 3397 11417
1 2 3397 11445
1 2 3398 9443
1 2 3398 9482
1 2 3398 9547
3 2 3399 11405
3 2 3402 3447
3 2 3402 6504
1 2 3402 9561
3 2 3402 11549
1 2 3402 11606
1 2 3403 6451
1 2 3403 9573
1 2 3403 11546
1 2 3404 11537
1 2 3406 9447
1 2 3406 11538
1 2 3407 3430
1 2 3407 11534
1 2 3409 9449
1 2 3409 9556
2 2 3409 11439
1 2 3409 11541
2 2 3410 6499
2 2 3410 11413
1 2 3412 9520
1 2 3414 3583
1 2 3414 6485
1 2 3414 6562
1 2 3414 9457
1 2 3417 3443
1 2 3417 3464
1 2 3417 3779
1 2 3417 9415
3 2 3418 3585
1 2 3418 6418
1 2 3418 6440
1 2 3418 9471
3 2 3418 11432
3 2 3421 6420
1 2 3421 6474
1 2 3421 6493
3 2 3421 6776
1 2 3422 3463
1 2 3422 6351
3 2 3422 6489
1 2 3423 6444
1 2 3423 9575
3 2 3423 11494
3 2 3423 11547
1 2 3423 11560
1 2 3426 3578
1 2 3426 6450
3 2 3426 9460
1 2 3427 4960
1 2 3427 10451
1 2 3430 3562
3 2 3434 6431
3 2 3434 6522
1 2 3434 6604
2 2 3434 9468
3 2 3434 9494
3 2 3438 3572
1 2 3438 6595
1 2 3438 9470
1 2 3443 3464
1 2 3443 9415
1 2 3443 11400
1 2 3444 3512
1 2 3444 6469
1 2 3444 9522
3 2 3444 11456
1 2 3444 11562
3 2 3447 9472
3 2 3447 11549
1 2 3447 11606
1 2 3448 11767
1 2 3452 3468
1 2 3452 6451
1 2 3455 3520
1 2 3455 11462
3 2 3456 4003
1 2 3456 10108
1 2 3457 3511
3 2 3457 6429
3 2 3457 6509
1 2 3457 9533
3 2 3458 3559
3 2 3458 6416
1 2 3458 6511
1 2 3458 9521
3 2 3460 3510
1 2 3460 3532
3 2 3460 6558
3 2 3460 9470
3 2 3460 9532
1 2 3462 9414
1 2 3462 9429
1 2 3462 11414
1 2 3463 9484
3 2 3463 9562
1 2 3464 3478
1 2 3464 6490
1 2 3465 9422
3 2 3465 11408
3 2 3466 6474
1 2 3468 6478
1 2 3468 6495
1 2 3469 11475
1 2 3470 3511
1 2 3470 6593
1 2 3470 9493
1 2 3470 11543
1 2 3471 4347
1 2 3471 6482
1 2 3471 11733
3 2 3473 3572
1 2 3473 6236
3 2 3473 9496
1 2 3473 11478
1 2 3474 6421
1 2 3474 9416
1 2 3474 9497
1 2 3474 11404
1 2 3476 3536
1 2 3476 9500
3 2 3476 11420
3 2 3479 3491
3 2 3479 6474
3 2 3479 6505
3 2 3480 6458
3 2 3480 6508
1 2 3480 6532
3 2 3480 9506
3 2 3480 11489
1 2 3481 4739
1 2 3481 10611
1 2 3481 10656
1 2 3481 12593
1 2 3481 12663
1 2 3482 9400
1 2 3482 9508
1 2 3482 11428
1 2 3482 11532
1 2 3483 6509
1 2 3483 9454
1 2 3483 11427
1 2 3484 6576
1 2 3484 6590
3 2 3484 9539
1 2 3484 9551
1 2 3484 11522
1 2 3484 11539
1 2 3485 3545
3 2 3485 6485
1 2 3485 6512
1 2 3485 9570
1 2 3485 11414
3 2 3488 3547
1 2 3488 6537
1 2 3488 9522
3 2 3488 11470
1 2 3488 11562
1 2 3489 9516
3 2 3491 6530
1 2 3491 9531
1 2 3492 9449
1 2 3493 6518
1 2 3493 6533
1 2 3493 6688
3 2 3494 9465
3 2 3494 11438
3 2 3495 3509
1 2 3495 3523
3 2 3495 9478
1 2 3496 6415
1 2 3496 9520
1 2 3496 11503
3 2 3497 6416
1 2 3497 6499
1 2 3497 11430
1 2 3498 9669
3 2 3499 6441
3 2 3499 6521
1 2 3499 9428
3 2 3499 9456
1 2 3499 9560
1 2 3499 11545
3 2 3499 13382
3 2 3500 3561
1 2 3500 9524
1 2 3500 13116
3 2 3501 11446
3 2 3501 13070
1 2 3502 11510
1 2 3504 6494
1 2 3504 9529
3 2 3505 9504
3 2 3505 9516
2 2 3506 3669
3 2 3506 3681
1 2 3506 6518
2 2 3506 6949
1 2 3506 9490
3 2 3506 9644
3 2 3506 11491
1 2 3507 3568
2 2 3507 9249
1 2 3507 9568
1 2 3508 6578
1 2 3508 11452
1 2 3509 3523
1 2 3509 3534
1 2 3509 9478
3 2 3509 11463
3 2 3510 9470
3 2 3510 9570
3 2 3511 3570
3 2 3511 6509
1 2 3512 6469
1 2 3512 6622
3 2 3512 9363
1 2 3513 4328
1 2 3513 7398
1 2 3513 10271
1 2 3513 12183
1 2 3513 12211
3 2 3514 9535
1 2 3514 11517
3 2 3516 9444
3 2 3516 9536
3 2 3516 11519
3 2 3516 13068
3 2 3516 13081
1 2 3518 6506
1 2 3518 6539
2 2 3519 3540
3 2 3519 11459
3 2 3519 11476
1 2 3520 9542
3 2 3520 11462
1 2 3521 3559
3 2 3521 6484
1 2 3521 9544
3 2 3521 12562
1 2 3522 6487
3 2 3522 9238
3 2 3522 9375
3 2 3522 9456
1 2 3522 11359
1 2 3522 11468
1 2 3523 11521
3 2 3524 6488
1 2 3524 6549
1 2 3524 9443
3 2 3524 9486
1 2 3524 9547
1 2 3524 11533
1 2 3525 6222
1 2 3525 6322
1 2 3526 3833
1 2 3526 6886
1 2 3526 6990
1 2 3526 10163
1 2 3526 11818
3 2 3527 11475
1 2 3529 6527
1 2 3529 9504
1 2 3529 11474
1 2 3530 3558
3 2 3530 6542
3 2 3530 6568
1 2 3530 9517
1 2 3530 11486
1 2 3531 6530
1 2 3531 6554
3 2 3531 11397
1 2 3531 11461
3 2 3532 6558
1 2 3532 9470
1 2 3532 11478
3 2 3533 6531
3 2 3533 6545
3 2 3533 9490
1 2 3533 11732
3 2 3534 3549
1 2 3534 6547
1 2 3535 6501
3 2 3535 6582
1 2 3535 9441
1 2 3535 9471
3 2 3535 11481
1 2 3535 11545
1 2 3536 6504
1 2 3536 9500
3 2 3536 11483
1 2 3536 11548
1 2 3537 6561
1 2 3537 11522
3 2 3537 11539
1 2 3539 6563
1 2 3539 9564
1 2 3539 11485
3 2 3540 6591
1 2 3540 11476
3 2 3541 3571
1 2 3541 9681
1 2 3541 11497
1 2 3542 9566
1 2 3544 6511
1 2 3544 6567
1 2 3544 9400
3 2 3544 11492
1 2 3544 12562
1 2 3545 6534
3 2 3545 9570
1 2 3545 11414
1 2 3546 3560
1 2 3546 6545
1 2 3546 9472
1 2 3546 13011
1 2 3547 9522
1 2 3547 11470
3 2 3547 11494
1 2 3548 6571
1 2 3548 9563
1 2 3548 9706
1 2 3548 11691
1 2 3549 6547
3 2 3549 6569
3 2 3549 9523
3 2 3549 9534
3 2 3549 9578
3 2 3550 3581
1 2 3550 6573
1 2 3551 6574
3 2 3551 6601
1 2 3552 3758
3 2 3552 6572
3 2 3553 3569
1 2 3553 6562
1 2 3554 9579
1 2 3556 6280
1 2 3556 6579
1 2 3556 11285
1 2 3556 11341
1 2 3557 11397
1 2 3557 11504
1 2 3558 6568
1 2 3558 11547
1 2 3558 11560
3 2 3559 6484
3 2 3559 9521
2 2 3559 11399
3 2 3560 5291
3 2 3560 9418
3 2 3560 9444
3 2 3560 9472
1 2 3561 6513
1 2 3561 9524
1 2 3561 11402
1 2 3561 11468
1 2 3562 11427
1 2 3562 11550
3 2 3563 4322
3 2 3563 9420
2 2 3563 12128
1 2 3564 10472
1 2 3564 12320
1 2 3565 6586
1 2 3565 9706
3 2 3565 11520
1 2 3565 11691
3 2 3566 6587
3 2 3566 9529
1 2 3566 11436
3 2 3566 11512
1 2 3568 6532
1 2 3569 6562
1 2 3569 11511
1 2 3570 9533
1 2 3570 11514
1 2 3571 9555
1 2 3571 11497
1 2 3572 6595
1 2 3572 9496
1 2 3572 9535
3 2 3572 11415
1 2 3573 9419
1 2 3574 6568
1 2 3574 6581
1 2 3574 6594
1 2 3575 3757
1 2 3575 6597
1 2 3575 9714
3 2 3576 6446
3 2 3576 6560
3 2 3576 9536
3 2 3576 11483
1 2 3577 6600
1 2 3577 9716
1 2 3578 11523
3 2 3579 6449
1 2 3579 9550
3 2 3579 11535
2 2 3580 9260
1 2 3580 11244
1 2 3580 11526
3 2 3581 6573
1 2 3581 6586
1 2 3582 9436
1 2 3582 9504
1 2 3582 11527
3 2 3583 6590
1 2 3583 9457
3 2 3583 9567
1 2 3584 9437
1 2 3584 9519
1 2 3584 11530
2 2 3585 6418
1 2 3585 6470
1 2 3585 9441
3 2 3585 9471
3 2 3586 9427
3 2 3586 11430
2 2 3587 3765
2 2 3587 6781
2 2 3588 4331
1 2 3588 6665
1 2 3588 9697
1 2 3588 10159
3 2 3589 6613
1 2 3589 6784
3 2 3589 9590
1 2 3592 3596
1 2 3592 3601
1 2 3592 6650
1 2 3592 11581
1 2 3593 4523
1 2 3594 3770
1 2 3594 9607
3 2 3594 9609
3 2 3594 9748
3 2 3594 11593
1 2 3596 6614
1 2 3596 6619
1 2 3596 11581
1 2 3598 9751
1 2 3601 6611
1 2 3601 6650
1 2 3601 13252
1 2 3602 4270
1 2 3602 6625
1 2 3602 9754
1 2 3604 6656
1 2 3604 9582
1 2 3604 9598
3 2 3604 11584
1 2 3605 6625
3 2 3605 6630
3 2 3605 6778
1 2 3605 11567
1 2 3609 9599
1 2 3609 11577
1 2 3609 11586
1 2 3612 9603
3 2 3612 11590
2 2 3613 3855
1 2 3613 4749
3 2 3613 4760
3 2 3613 4830
1 2 3613 7840
1 2 3614 3617
1 2 3614 11580
1 2 3614 11586
1 2 3614 11787
1 2 3617 9621
1 2 3617 11580
1 2 3617 11787
1 2 3618 6615
1 2 3618 11455
1 2 3621 6618
1 2 3621 6648
1 2 3622 11578
1 2 3622 11736
1 2 3623 6670
1 2 3623 9608
1 2 3623 9621
1 2 3626 11869
1 2 3627 6647
1 2 3627 9595
1 2 3627 9608
1 2 3627 9624
1 2 3627 11594
1 2 3627 11610
3 2 3629 11502
3 2 3629 11516
3 2 3629 11531
1 2 3630 6652
1 2 3630 9771
1 2 3630 11657
1 2 3631 9627
1 2 3631 11595
3 2 3631 11612
1 2 3635 3661
1 2 3635 3778
1 2 3635 6630
1 2 3635 12276
1 2 3636 3639
1 2 3636 3663
1 2 3636 9617
1 2 3639 6695
1 2 3640 9467
1 2 3640 11728
1 2 3641 6635
3 2 3641 9600
1 2 3645 6652
1 2 3645 6667
1 2 3645 11657
3 2 3646 3650
3 2 3646 3666
3 2 3646 6666
1 2 3646 6668
1 2 3646 9622
3 2 3646 9642
1 2 3649 6634
1 2 3649 9606
1 2 3649 11592
1 2 3649 11657
2 2 3652 3669
2 2 3652 9642
3 2 3652 9658
3 2 3652 11628
3 2 3654 6650
3 2 3654 11581
3 2 3655 6644
3 2 3655 6688
3 2 3655 9629
3 2 3655 11611
1 2 3656 6669
1 2 3657 6656
1 2 3657 6673
1 2 3658 6669
1 2 3659 3671
1 2 3659 9631
1 2 3659 11596
1 2 3659 11613
1 2 3660 3662
1 2 3660 6678
1 2 3660 6680
1 2 3661 9634
1 2 3661 11585
1 2 3662 6661
1 2 3663 9617
1 2 3663 9651
3 2 3663 11619
1 2 3665 9619
1 2 3665 11622
1 2 3666 6683
3 2 3666 9622
1 2 3666 9642
1 2 3668 3682
3 2 3668 4463
3 2 3668 6701
3 2 3669 3681
1 2 3669 9490
3 2 3669 11628
1 2 3670 3683
1 2 3670 6672
1 2 3670 9611
1 2 3670 9624
1 2 3670 11627
3 2 3671 9478
3 2 3671 9492
3 2 3671 11596
3 2 3671 11631
1 2 3672 3682
1 2 3672 9647
1 2 3672 11632
3 2 3673 3674
3 2 3673 6687
1 2 3673 11612
1 2 3674 6673
3 2 3675 11634
1 2 3676 11639
1 2 3677 3678
1 2 3677 6694
1 2 3677 6699
1 2 3677 6861
1 2 3677 9671
3 2 3678 6699
1 2 3678 9671
1 2 3679 3692
3 2 3679 6934
3 2 3679 11623
3 2 3679 11640
3 2 3680 6685
3 2 3680 6703
1 2 3680 9643
1 2 3680 11625
1 2 3681 9625
1 2 3681 9644
1 2 3681 11628
3 2 3682 6701
1 2 3683 6720
1 2 3683 11627
1 2 3684 6691
3 2 3684 6708
1 2 3684 9650
1 2 3684 9665
1 2 3685 3872
3 2 3685 9825
1 2 3686 6704
1 2 3687 6705
1 2 3687 6707
1 2 3687 9662
1 2 3688 6708
1 2 3688 6725
3 2 3688 9652
1 2 3688 11653
1 2 3689 9668
1 2 3689 11655
1 2 3689 11672
3 2 3690 6934
1 2 3690 9655
1 2 3690 9666
1 2 3690 11499
1 2 3692 6542
3 2 3692 6712
1 2 3692 11486
1 2 3692 11640
1 2 3693 3863
1 2 3693 3894
1 2 3693 6882
1 2 3694 6711
1 2 3694 9672
3 2 3694 11622
1 2 3696 3709
1 2 3696 6697
1 2 3696 11644
1 2 3696 11659
1 2 3697 9836
1 2 3697 11650
3 2 3697 11817
1 2 3698 9663
1 2 3699 4029
1 2 3699 4807
1 2 3699 7776
1 2 3699 10526
1 2 3699 12550
3 2 3700 3716
1 2 3700 6720
3 2 3700 6739
1 2 3700 9661
3 2 3700 9692
3 2 3700 11666
1 2 3701 3704
1 2 3701 6727
1 2 3701 6743
1 2 3702 3733
1 2 3702 3747
1 2 3702 6717
1 2 3702 9708
3 2 3702 11650
1 2 3703 6708
1 2 3703 9665
1 2 3703 9681
3 2 3705 6540
1 2 3705 6693
1 2 3705 11653
1 2 3706 4765
1 2 3706 7718
1 2 3706 7787
1 2 3706 10684
1 2 3707 3724
1 2 3707 9683
1 2 3707 11686
1 2 3708 7852
1 2 3708 10606
1 2 3708 10676
1 2 3708 12513
1 2 3709 6711
1 2 3709 6714
1 2 3709 9687
1 2 3710 3906
1 2 3710 6732
1 2 3710 11830
1 2 3712 3715
1 2 3712 3732
1 2 3712 6732
1 2 3713 3730
3 2 3713 3731
3 2 3713 6716
1 2 3713 6751
3 2 3713 11520
3 2 3715 4445
3 2 3715 9675
3 2 3716 6720
1 2 3716 9676
3 2 3716 9692
1 2 3716 11679
1 2 3717 3720
1 2 3717 6736
1 2 3717 6738
3 2 3718 6739
1 2 3718 9527
1 2 3719 10618
1 2 3719 10685
3 2 3719 12597
1 2 3720 9696
1 2 3720 11681
1 2 3721 4218
1 2 3721 12145
1 2 3721 12593
1 2 3721 12688
1 2 3722 6724
1 2 3722 11649
1 2 3724 6706
1 2 3724 6743
1 2 3724 9683
1 2 3725 3727
1 2 3725 3892
1 2 3725 11840
1 2 3726 6748
1 2 3726 6760
1 2 3727 3918
1 2 3727 13219
1 2 3728 3741
1 2 3728 9685
1 2 3729 11707
1 2 3729 13218
3 2 3730 6735
3 2 3730 9706
3 2 3730 11520
3 2 3731 6716
1 2 3731 6751
1 2 3731 9537
3 2 3732 6719
1 2 3732 7462
3 2 3733 3747
1 2 3734 3752
1 2 3734 6755
1 2 3734 9696
1 2 3735 3933
3 2 3735 6756
1 2 3735 11852
1 2 3735 13233
1 2 3737 3933
1 2 3737 6756
1 2 3740 6759
1 2 3740 9710
1 2 3740 11699
1 2 3741 6747
1 2 3743 9548
1 2 3744 11843
1 2 3747 6795
1 2 3747 9708
1 2 3748 6753
1 2 3748 9722
1 2 3749 6766
1 2 3749 11699
3 2 3749 11702
1 2 3749 12169
1 2 3750 4839
1 2 3750 7862
1 2 3751 3948
1 2 3751 9723
1 2 3752 3765
1 2 3752 6755
1 2 3752 6768
1 2 3754 6773
1 2 3754 6789
1 2 3754 11709
1 2 3755 11683
1 2 3755 11715
1 2 3757 9435
1 2 3757 9576
1 2 3757 9714
1 2 3757 11409
1 2 3758 6536
1 2 3758 6572
1 2 3759 11285
1 2 3759 11341
1 2 3760 9696
1 2 3760 11668
1 2 3760 11729
1 2 3761 6764
1 2 3762 3961
1 2 3762 9736
1 2 3762 11713
3 2 3763 3775
1 2 3763 6607
3 2 3763 11695
1 2 3764 9736
3 2 3765 6768
1 2 3765 6781
1 2 3766 6769
1 2 3766 6782
1 2 3766 10303
1 2 3766 11669
1 2 3766 11731
1 2 3767 6596
1 2 3767 9571
1 2 3767 9729
1 2 3769 4863
1 2 3769 7883
1 2 3769 10552
1 2 3769 10611
1 2 3769 12603
3 2 3770 6786
1 2 3770 9732
3 2 3770 11593
1 2 3770 11716
1 2 3771 6618
1 2 3771 9734
3 2 3771 9751
1 2 3771 11718
3 2 3772 6788
1 2 3772 11723
1 2 3772 11891
1 2 3773 6788
3 2 3773 6790
3 2 3773 11726
3 2 3775 6607
3 2 3775 6797
1 2 3775 9583
1 2 3776 6790
1 2 3776 9582
1 2 3776 9752
1 2 3776 11734
3 2 3778 4270
3 2 3778 6625
1 2 3778 6630
1 2 3778 12276
3 2 3780 6790
1 2 3780 9584
3 2 3780 11726
1 2 3781 12124
1 2 3781 12676
3 2 3782 6780
1 2 3782 11570
3 2 3783 6851
1 2 3786 3951
1 2 3786 6871
3 2 3787 6684
3 2 3787 11750
1 2 3790 3866
1 2 3790 6880
3 2 3791 10376
1 2 3791 11893
1 2 3791 11906
1 2 3791 12482
1 2 3794 3820
3 2 3794 3938
1 2 3794 9800
1 2 3795 12046
1 2 3795 12372
1 2 3795 12413
1 2 3796 9610
1 2 3796 11588
3 2 3798 6924
1 2 3798 9787
1 2 3799 3891
1 2 3799 6856
1 2 3799 6906
1 2 3802 6850
1 2 3802 9789
3 2 3802 9808
1 2 3802 9923
3 2 3802 11789
3 2 3802 11800
1 2 3803 3860
1 2 3803 11878
1 2 3806 6911
1 2 3806 9673
3 2 3806 9693
1 2 3806 11665
1 2 3807 3870
1 2 3807 11844
1 2 3810 3871
1 2 3810 3930
2 2 3810 6948
1 2 3811 9762
1 2 3814 3881
1 2 3814 6898
1 2 3815 3843
1 2 3815 6863
1 2 3816 3954
3 2 3816 6878
1 2 3816 9813
1 2 3816 11737
1 2 3819 3952
1 2 3819 6814
1 2 3819 6842
1 2 3819 9610
1 2 3820 9800
1 2 3823 6846
1 2 3823 10343
1 2 3823 11738
3 2 3823 11841
1 2 3823 11873
1 2 3824 6845
3 2 3824 6869
2 2 3824 6984
1 2 3824 9758
3 2 3824 11785
1 2 3828 6852
1 2 3828 7633
1 2 3828 11855
1 2 3829 3975
1 2 3829 6850
1 2 3829 7528
1 2 3829 9808
1 2 3830 3900
1 2 3833 3865
1 2 3833 3882
1 2 3833 6886
3 2 3834 7920
1 2 3834 8012
1 2 3834 10783
1 2 3838 9851
1 2 3839 3895
1 2 3839 3970
1 2 3840 9637
1 2 3843 6838
1 2 3844 3973
2 2 3844 6930
1 2 3844 10163
1 2 3846 9869
1 2 3847 6929
3 2 3847 9804
3 2 3847 11758
1 2 3848 6994
1 2 3848 9807
3 2 3848 9865
2 2 3848 12056
1 2 3849 11808
3 2 3850 11769
3 2 3850 11789
1 2 3850 12405
1 2 3852 3904
1 2 3852 3981
1 2 3852 6922
1 2 3853 6855
1 2 3853 6874
1 2 3853 9825
1 2 3855 7840
1 2 3855 7852
3 2 3855 10606
1 2 3855 12516
1 2 3856 3983
1 2 3856 11831
1 2 3857 10074
1 2 3858 6993
1 2 3858 9767
1 2 3859 6841
1 2 3859 9785
1 2 3859 11766
1 2 3860 3929
1 2 3861 11805
1 2 3862 11844
3 2 3863 6845
1 2 3863 6882
3 2 3863 11782
3 2 3863 11799
1 2 3864 3973
1 2 3865 3882
1 2 3865 11856
1 2 3866 6933
1 2 3866 9765
1 2 3867 8070
2 2 3867 10740
1 2 3867 12791
1 2 3869 4723
1 2 3869 6887
1 2 3869 7780
1 2 3869 10640
1 2 3870 9830
1 2 3871 6896
1 2 3872 11791
1 2 3873 6817
1 2 3873 6966
1 2 3874 9800
1 2 3874 9846
1 2 3874 13232
1 2 3875 3972
1 2 3875 4919
1 2 3875 5085
1 2 3875 12848
1 2 3876 6877
1 2 3876 9878
1 2 3876 11860
1 2 3878 3894
2 2 3878 6882
1 2 3878 6911
1 2 3878 9847
1 2 3879 6895
1 2 3880 6899
1 2 3880 9836
1 2 3880 12405
1 2 3881 6898
1 2 3881 7633
1 2 3882 9874
1 2 3882 11832
1 2 3883 4975
1 2 3883 8070
3 2 3883 10914
1 2 3883 12791
1 2 3884 9875
1 2 3884 9914
1 2 3884 11767
3 2 3885 6862
1 2 3885 6926
3 2 3885 9750
1 2 3885 9794
1 2 3885 9879
1 2 3886 3926
1 2 3886 6902
1 2 3886 6986
1 2 3887 6878
1 2 3887 6903
1 2 3887 11766
1 2 3888 3913
1 2 3888 6868
1 2 3888 9803
1 2 3888 9866
1 2 3889 6813
1 2 3889 9893
2 2 3889 12473
1 2 3890 6965
1 2 3892 6941
1 2 3892 11840
1 2 3893 6895
1 2 3893 11842
1 2 3893 11905
1 2 3894 6882
1 2 3894 6911
3 2 3894 9774
1 2 3895 6804
1 2 3895 9885
1 2 3897 6717
1 2 3898 6865
1 2 3898 6915
1 2 3898 6931
1 2 3898 11779
3 2 3900 11886
1 2 3901 10027
3 2 3901 12066
1 2 3901 12098
1 2 3902 6903
1 2 3902 11852
1 2 3904 11878
1 2 3906 6732
1 2 3906 11830
1 2 3907 6808
1 2 3907 11784
1 2 3908 3937
1 2 3909 3954
1 2 3909 7213
1 2 3909 11737
1 2 3909 13223
1 2 3910 9838
1 2 3910 11882
1 2 3911 11902
1 2 3913 9866
3 2 3915 12169
1 2 3916 8123
1 2 3917 6892
1 2 3918 4024
1 2 3919 6920
1 2 3919 11883
3 2 3920 4024
3 2 3920 6746
1 2 3922 3939
1 2 3922 6940
1 2 3923 3966
1 2 3923 6831
1 2 3923 9826
1 2 3924 3943
1 2 3924 3974
3 2 3925 6943
1 2 3925 7045
1 2 3925 9931
1 2 3925 10412
1 2 3925 11738
1 2 3925 11783
1 2 3925 11841
1 2 3926 6986
1 2 3926 9877
1 2 3926 11885
1 2 3927 6992
1 2 3927 9929
1 2 3927 10041
1 2 3927 11796
3 2 3928 9909
1 2 3930 6948
1 2 3930 9925
1 2 3931 3933
1 2 3932 9866
1 2 3933 9857
1 2 3934 6852
1 2 3934 9788
1 2 3934 9835
1 2 3936 6990
1 2 3936 9930
1 2 3936 11818
1 2 3937 6923
3 2 3937 9818
1 2 3937 11813
1 2 3938 6914
1 2 3938 9767
1 2 3938 13224
1 2 3939 3984
1 2 3940 9815
1 2 3940 11749
1 2 3940 11798
1 2 3940 12070
1 2 3941 6958
1 2 3941 7646
1 2 3941 9923
1 2 3941 10343
1 2 3943 3974
1 2 3944 6806
1 2 3944 9897
1 2 3944 11879
1 2 3945 9812
1 2 3946 6917
3 2 3946 6960
3 2 3946 9853
1 2 3947 9883
1 2 3947 9928
1 2 3947 11862
1 2 3947 11893
1 2 3948 6766
1 2 3948 9723
3 2 3948 11702
1 2 3949 9759
1 2 3949 11828
1 2 3950 6965
2 2 3951 3983
1 2 3951 6808
1 2 3951 6871
1 2 3951 11831
1 2 3952 3971
3 2 3953 9778
3 2 3953 11812
1 2 3953 11863
1 2 3954 13223
1 2 3955 6969
1 2 3955 9776
1 2 3955 11822
1 2 3956 3984
2 2 3957 6929
3 2 3957 6984
3 2 3957 11892
1 2 3958 6972
1 2 3958 11803
1 2 3959 3961
1 2 3959 9909
1 2 3960 7981
1 2 3960 9829
1 2 3960 9920
1 2 3960 10778
1 2 3960 10861
1 2 3961 6975
1 2 3961 11875
3 2 3962 7532
1 2 3966 6831
1 2 3966 6939
1 2 3966 11803
1 2 3968 10027
1 2 3969 6996
1 2 3969 9770
1 2 3970 6860
1 2 3970 6981
1 2 3971 6982
1 2 3972 4919
1 2 3972 9908
1 2 3972 10702
1 2 3972 12848
3 2 3972 12893
1 2 3974 3985
1 2 3975 7528
1 2 3975 10441
1 2 3976 6973
3 2 3976 9752
1 2 3981 6928
1 2 3983 9878
1 2 3984 6970
1 2 3984 6998
1 2 3984 9599
1 2 3984 11583
1 2 3985 6957
1 2 3985 9586
1 2 3986 11820
1 2 3987 10082
1 2 3988 4109
1 2 3988 7096
1 2 3988 7211
1 2 3991 4150
1 2 3991 7008
1 2 3992 7653
1 2 3994 7118
1 2 3994 7527
1 2 3994 10029
1 2 3994 10465
3 2 3996 4055
1 2 3996 7011
1 2 3996 7164
1 2 3996 10073
1 2 4000 4122
1 2 4000 11989
1 2 4001 11982
3 2 4003 4110
1 2 4003 7020
1 2 4004 13410
1 2 4009 4519
1 2 4009 7609
1 2 4009 9934
1 2 4009 10474
1 2 4010 7025
1 2 4010 7085
1 2 4010 7129
1 2 4010 12069
1 2 4014 4159
1 2 4014 12047
1 2 4014 13256
1 2 4017 7176
3 2 4024 6936
1 2 4024 9872
3 2 4024 11825
1 2 4027 10020
1 2 4027 10092
1 2 4028 10050
1 2 4028 12023
1 2 4029 7776
1 2 4029 7829
1 2 4029 9678
1 2 4029 10526
1 2 4032 4190
1 2 4032 10022
1 2 4032 11996
1 2 4033 8052
1 2 4033 10764
1 2 4033 10827
1 2 4037 7055
1 2 4037 10043
1 2 4037 10072
1 2 4037 12015
1 2 4037 12045
1 2 4038 4185
1 2 4038 7054
1 2 4038 9984
1 2 4038 11961
1 2 4042 7191
1 2 4042 10034
1 2 4042 12076
1 2 4045 5040
1 2 4046 7166
1 2 4052 7171
3 2 4052 9790
3 2 4052 10065
1 2 4054 4142
1 2 4054 11960
3 2 4056 4086
1 2 4056 7121
1 2 4058 7074
1 2 4058 10421
1 2 4061 11935
3 2 4062 4104
1 2 4062 4204
3 2 4062 4245
3 2 4062 7220
1 2 4064 9975
1 2 4064 12886
1 2 4065 10109
1 2 4065 11956
1 2 4066 7126
1 2 4066 7656
1 2 4066 10364
1 2 4067 7169
1 2 4067 11930
1 2 4067 12056
1 2 4069 7187
1 2 4069 10100
1 2 4069 10125
1 2 4069 12097
1 2 4071 7089
1 2 4071 10102
1 2 4071 12045
1 2 4071 12074
1 2 4072 4187
1 2 4072 7013
1 2 4072 7060
1 2 4073 7011
1 2 4073 12004
3 2 4073 12049
1 2 4074 12300
1 2 4075 4119
1 2 4075 12048
1 2 4075 12075
1 2 4076 4145
1 2 4076 7091
3 2 4076 7164
1 2 4077 10459
1 2 4080 7183
1 2 4080 9815
1 2 4080 11749
1 2 4081 7141
1 2 4085 4532
1 2 4085 4628
1 2 4086 10085
3 2 4086 12089
1 2 4088 4161
1 2 4088 4206
1 2 4088 11970
1 2 4088 13387
1 2 4089 10102
1 2 4090 4132
1 2 4090 7207
1 2 4090 10118
1 2 4090 12037
1 2 4093 4190
1 2 4094 4179
1 2 4094 7197
1 2 4094 9965
1 2 4095 11956
1 2 4095 12083
1 2 4096 9955
1 2 4096 11959
1 2 4096 12027
1 2 4098 9889
1 2 4098 10024
1 2 4100 4188
1 2 4100 7016
1 2 4102 11949
1 2 4103 7121
1 2 4103 9936
1 2 4103 10115
1 2 4103 11912
1 2 4103 12011
1 2 4103 12089
3 2 4104 12063
1 2 4107 7155
1 2 4108 4139
1 2 4109 7127
3 2 4110 7084
1 2 4110 10108
1 2 4111 4486
1 2 4111 4550
1 2 4112 6992
1 2 4112 7130
1 2 4112 11848
1 2 4113 11961
3 2 4114 4144
1 2 4114 7656
1 2 4114 11933
1 2 4116 7132
1 2 4118 7016
1 2 4119 12048
1 2 4121 4177
1 2 4121 7093
1 2 4122 4153
1 2 4122 11989
1 2 4125 10377
1 2 4125 12053
1 2 4125 12407
1 2 4126 7175
1 2 4126 10110
1 2 4126 11977
1 2 4126 12085
3 2 4130 12467
1 2 4131 7166
1 2 4131 11939
2 2 4131 13077
1 2 4132 7207
1 2 4134 10431
1 2 4134 12436
1 2 4135 13228
1 2 4137 9969
1 2 4139 10023
3 2 4140 9843
3 2 4140 12026
3 2 4142 4172
1 2 4142 10125
3 2 4142 11960
1 2 4144 7074
1 2 4146 7040
1 2 4149 4984
1 2 4149 12829
1 2 4149 12886
1 2 4150 7008
1 2 4150 7132
1 2 4150 10045
1 2 4150 11923
1 2 4153 7169
1 2 4153 11930
1 2 4154 7173
1 2 4156 10057
1 2 4156 12495
1 2 4161 11970
1 2 4162 7124
1 2 4163 9994
3 2 4164 7110
1 2 4164 10020
1 2 4164 11925
1 2 4166 4834
1 2 4166 9657
1 2 4167 7418
1 2 4168 6943
1 2 4168 11783
1 2 4168 12054
1 2 4171 8144
1 2 4172 7102
2 2 4172 7187
1 2 4172 7217
1 2 4172 10125
1 2 4174 4469
1 2 4177 7137
1 2 4178 7096
1 2 4178 11965
1 2 4179 7046
1 2 4181 12015
1 2 4182 6744
2 2 4182 7198
1 2 4182 10009
1 2 4182 13231
1 2 4183 7199
1 2 4184 4188
3 2 4187 7013
1 2 4187 7150
1 2 4187 10019
3 2 4190 7000
1 2 4190 7109
1 2 4190 12062
1 2 4192 4504
1 2 4192 7606
1 2 4192 10819
1 2 4193 7211
1 2 4197 7212
1 2 4197 9968
1 2 4202 7034
1 2 4204 4245
1 2 4204 4644
3 2 4204 7220
1 2 4204 7593
3 2 4204 10077
1 2 4206 13388
1 2 4209 7846
1 2 4209 9512
1 2 4215 10256
1 2 4218 12593
1 2 4218 12636
1 2 4218 12688
1 2 4227 4374
1 2 4237 7297
3 2 4237 10255
1 2 4238 7326
1 2 4242 12106
3 2 4245 10077
1 2 4245 12050
1 2 4246 12261
1 2 4246 12678
1 2 4250 4389
1 2 4250 7335
1 2 4251 10177
1 2 4251 10293
1 2 4254 7370
1 2 4254 12254
1 2 4255 10137
1 2 4261 10224
1 2 4265 4311
3 2 4270 4345
3 2 4270 6625
1 2 4270 7345
1 2 4277 10268
1 2 4278 7395
1 2 4278 10208
1 2 4278 12105
3 2 4280 7340
1 2 4280 7428
3 2 4280 12114
3 2 4281 7326
3 2 4281 10211
2 2 4283 4324
1 2 4283 12172
1 2 4285 4342
1 2 4285 12289
1 2 4287 4342
1 2 4287 4362
1 2 4287 10247
1 2 4290 12136
1 2 4290 12263
1 2 4290 12638
1 2 4291 12105
1 2 4294 7341
1 2 4295 7256
1 2 4296 4398
1 2 4296 7386
1 2 4296 10242
1 2 4297 4310
1 2 4297 12131
1 2 4298 12558
1 2 4299 8082
1 2 4299 8114
1 2 4299 9973
1 2 4305 4362
1 2 4305 4422
1 2 4305 7379
1 2 4309 7326
1 2 4309 7383
1 2 4310 7329
1 2 4311 7300
1 2 4311 7328
1 2 4311 10185
1 2 4311 10256
1 2 4312 12201
1 2 4314 4802
1 2 4314 11195
1 2 4315 7363
1 2 4315 7391
1 2 4315 8067
1 2 4315 12146
1 2 4315 12275
1 2 4320 4361
1 2 4321 4365
1 2 4321 7340
1 2 4322 12128
1 2 4324 12172
1 2 4325 8095
1 2 4325 10763
1 2 4328 4380
1 2 4328 12281
1 2 4331 4347
1 2 4331 6665
1 2 4331 10159
1 2 4331 10305
1 2 4333 7407
3 2 4333 12152
1 2 4334 4405
1 2 4336 12127
1 2 4343 4877
1 2 4343 7677
1 2 4343 7761
1 2 4343 7853
1 2 4344 7244
1 2 4344 7391
1 2 4344 10190
2 2 4345 4417
3 2 4345 7345
1 2 4345 7435
1 2 4345 9601
1 2 4347 6665
1 2 4347 10151
1 2 4353 5063
3 2 4353 10270
1 2 4353 12142
3 2 4353 12182
1 2 4354 10226
1 2 4354 12270
1 2 4355 7399
3 2 4356 7346
3 2 4356 7359
2 2 4362 7379
1 2 4362 10247
1 2 4362 12291
1 2 4365 10296
3 2 4366 12679
1 2 4369 4850
1 2 4371 7236
3 2 4372 11352
1 2 4374 7354
1 2 4377 12279
1 2 4379 10309
1 2 4380 12281
3 2 4382 7084
3 2 4382 10866
1 2 4384 10227
1 2 4384 12255
1 2 4388 12220
1 2 4390 4608
1 2 4390 10491
1 2 4390 12293
1 2 4394 7313
1 2 4394 7341
1 2 4394 10253
1 2 4394 12294
1 2 4397 10016
1 2 4397 12297
1 2 4398 7386
1 2 4398 10242
1 2 4398 10271
1 2 4400 6388
1 2 4400 7403
1 2 4401 7238
1 2 4401 12232
1 2 4402 6974
1 2 4402 10586
1 2 4402 10727
1 2 4402 12670
1 2 4404 9604
1 2 4405 10162
1 2 4406 7381
1 2 4406 10279
1 2 4406 10307
3 2 4406 12249
3 2 4410 4953
1 2 4410 5040
1 2 4410 7938
1 2 4410 10332
1 2 4410 10801
3 2 4411 7429
3 2 4411 10256
1 2 4412 7427
1 2 4412 10297
1 2 4412 12255
1 2 4413 4428
1 2 4413 7753
1 2 4414 5032
1 2 4414 8100
1 2 4414 10756
1 2 4414 10897
1 2 4414 12779
1 2 4416 7265
1 2 4416 10246
1 2 4416 12247
1 2 4417 7289
1 2 4417 7345
1 2 4417 9601
1 2 4417 10230
1 2 4417 10320
1 2 4419 9601
1 2 4419 10700
1 2 4419 12223
1 2 4420 7436
3 2 4420 10808
1 2 4424 7427
1 2 4424 13376
1 2 4425 8063
3 2 4426 4872
3 2 4426 4875
1 2 4428 7753
1 2 4428 10157
1 2 4430 10244
1 2 4431 6999
1 2 4432 7379
1 2 4432 12289
1 2 4433 7225
1 2 4434 4621
1 2 4434 7223
1 2 4434 7642
1 2 4435 12338
1 2 4436 7638
1 2 4436 10447
1 2 4437 4531
1 2 4437 6713
1 2 4437 7551
1 2 4437 9653
1 2 4437 9682
1 2 4437 10461
3 2 4442 6705
3 2 4442 6874
3 2 4442 6890
3 2 4442 9808
1 2 4442 11800
1 2 4444 7543
1 2 4444 10355
1 2 4444 10477
1 2 4444 12489
1 2 4445 7629
3 2 4445 9675
1 2 4445 10381
3 2 4449 4540
3 2 4449 4569
3 2 4449 7831
1 2 4449 12346
3 2 4452 9727
3 2 4452 11890
1 2 4453 4478
1 2 4453 4500
1 2 4453 4658
1 2 4457 10362
1 2 4457 10502
1 2 4458 7495
1 2 4458 7624
1 2 4459 7334
1 2 4459 10878
3 2 4463 7624
1 2 4464 4650
1 2 4464 7524
1 2 4464 7668
1 2 4469 12300
3 2 4472 8087
3 2 4472 12114
1 2 4473 4901
1 2 4473 12434
1 2 4476 7546
1 2 4476 10374
1 2 4477 4614
3 2 4477 11645
1 2 4477 11704
1 2 4478 4500
1 2 4478 4658
1 2 4478 7471
1 2 4478 10388
1 2 4481 4502
1 2 4481 7522
1 2 4481 12308
1 2 4482 5003
1 2 4482 7560
1 2 4486 7001
1 2 4491 4653
1 2 4491 7012
1 2 4491 7134
1 2 4491 7138
1 2 4491 7527
1 2 4491 10495
1 2 4499 10470
1 2 4500 10427
1 2 4500 12377
1 2 4501 7446
1 2 4501 10346
1 2 4502 4530
1 2 4502 7522
1 2 4502 12308
1 2 4503 4572
1 2 4503 7652
1 2 4504 10616
1 2 4504 10763
1 2 4506 4561
1 2 4506 7582
1 2 4506 12485
1 2 4507 4535
1 2 4507 12313
1 2 4508 4531
1 2 4508 7626
1 2 4508 12437
3 2 4508 12697
1 2 4510 7464
1 2 4510 10355
1 2 4510 10410
1 2 4510 12328
1 2 4512 11759
1 2 4512 12416
3 2 4513 7497
1 2 4513 9946
3 2 4513 12307
3 2 4513 12375
1 2 4514 6852
1 2 4514 9927
3 2 4516 4544
3 2 4516 4571
1 2 4516 10361
1 2 4516 10751
1 2 4517 11006
1 2 4518 6861
1 2 4518 6876
1 2 4518 9911
1 2 4518 11763
1 2 4519 7459
1 2 4519 7508
1 2 4520 7538
1 2 4520 12367
1 2 4522 7555
1 2 4522 12401
1 2 4523 10262
1 2 4523 11701
1 2 4525 10451
1 2 4526 10855
2 2 4527 4601
1 2 4527 9796
1 2 4527 10448
1 2 4530 4546
1 2 4530 7522
1 2 4530 7592
1 2 4530 10430
1 2 4531 7551
1 2 4531 12437
1 2 4532 10616
1 2 4533 5156
1 2 4533 8181
1 2 4533 10405
1 2 4534 6436
1 2 4534 12309
1 2 4535 7552
1 2 4535 12398
1 2 4538 10421
2 2 4538 12062
1 2 4538 12078
1 2 4538 12344
1 2 4540 4625
3 2 4540 7615
1 2 4540 7831
1 2 4540 10586
1 2 4543 10373
3 2 4544 4571
1 2 4544 7537
3 2 4544 12452
1 2 4546 5227
1 2 4546 7592
1 2 4548 12396
1 2 4549 7584
1 2 4551 7672
1 2 4553 10523
1 2 4556 4584
1 2 4556 7576
1 2 4556 12064
1 2 4557 12420
1 2 4558 12763
1 2 4560 7566
1 2 4560 10460
1 2 4560 12411
1 2 4561 4633
1 2 4561 12485
1 2 4565 4650
1 2 4565 8110
1 2 4565 10410
1 2 4565 10449
1 2 4565 12429
1 2 4567 4597
1 2 4567 12778
1 2 4569 7831
3 2 4569 12305
1 2 4569 12346
3 2 4570 8196
3 2 4570 12938
1 2 4571 10471
1 2 4572 4642
1 2 4572 7663
3 2 4572 11744
1 2 4573 7621
1 2 4574 4591
1 2 4574 7151
1 2 4574 10089
1 2 4575 4589
1 2 4575 4604
1 2 4575 8187
1 2 4575 12440
1 2 4576 12352
1 2 4577 6968
1 2 4577 10778
1 2 4577 12486
1 2 4582 10221
1 2 4582 12195
1 2 4582 12388
1 2 4584 4696
1 2 4584 5231
1 2 4584 10697
1 2 4585 12404
1 2 4585 12449
1 2 4586 4814
1 2 4586 10340
1 2 4586 12570
1 2 4586 12624
1 2 4589 4604
1 2 4589 7594
1 2 4589 10447
1 2 4590 7449
1 2 4590 10393
1 2 4590 10457
1 2 4590 12365
1 2 4591 11976
1 2 4592 4649
1 2 4592 7526
1 2 4592 7767
1 2 4592 7897
1 2 4594 9996
1 2 4594 11509
1 2 4594 12735
1 2 4594 12803
1 2 4595 12385
1 2 4597 10370
1 2 4597 10477
1 2 4597 12778
1 2 4598 10484
1 2 4599 10359
1 2 4599 10510
1 2 4600 7622
1 2 4601 9775
3 2 4601 11776
1 2 4601 11890
1 2 4602 4643
1 2 4602 12394
1 2 4602 12409
1 2 4604 7638
1 2 4605 12309
3 2 4606 9958
1 2 4606 11931
1 2 4607 4736
1 2 4607 10422
1 2 4608 10479
1 2 4608 10491
1 2 4610 4794
1 2 4610 4820
1 2 4610 7760
1 2 4611 12878
1 2 4612 7545
1 2 4612 12448
1 2 4614 11704
1 2 4614 12434
3 2 4616 7124
1 2 4616 7662
1 2 4616 10443
1 2 4617 8184
1 2 4617 8242
1 2 4617 10946
3 2 4619 4631
3 2 4619 7167
1 2 4619 12467
1 2 4622 4756
1 2 4622 7422
1 2 4622 8110
1 2 4622 12429
1 2 4625 7586
1 2 4625 7797
3 2 4627 6971
1 2 4627 7466
3 2 4627 7558
1 2 4627 7588
1 2 4627 12637
1 2 4628 12436
1 2 4630 10983
3 2 4631 9999
1 2 4632 5198
1 2 4632 7666
1 2 4633 7582
1 2 4633 7652
1 2 4638 7243
1 2 4638 7600
1 2 4640 9120
1 2 4640 11057
3 2 4640 11443
1 2 4642 9831
3 2 4644 7593
1 2 4644 7662
1 2 4644 10077
1 2 4646 7595
3 2 4649 7526
1 2 4649 7767
3 2 4649 10379
1 2 4649 12412
1 2 4650 7524
1 2 4650 10449
1 2 4651 7711
1 2 4651 7856
1 2 4652 7673
3 2 4653 7527
1 2 4653 7643
1 2 4655 10575
3 2 4657 4727
1 2 4657 4799
1 2 4657 10387
1 2 4658 7471
1 2 4658 7649
1 2 4658 10500
1 2 4659 4754
1 2 4659 7833
1 2 4660 4755
1 2 4660 6997
1 2 4661 12594
3 2 4664 4807
1 2 4664 10341
1 2 4664 10526
1 2 4665 7757
3 2 4665 10652
1 2 4666 12600
1 2 4668 4865
1 2 4668 7888
1 2 4669 13076
1 2 4670 12546
1 2 4677 7786
1 2 4678 12508
1 2 4681 10686
1 2 4681 12599
3 2 4686 10148
3 2 4686 10660
1 2 4686 12397
1 2 4691 4807
1 2 4691 7536
1 2 4691 11788
1 2 4691 11971
1 2 4691 12418
1 2 4696 4822
1 2 4696 12547
1 2 4701 12261
1 2 4701 12638
1 2 4704 10839
1 2 4709 10545
1 2 4710 10604
1 2 4718 12664
1 2 4719 4792
1 2 4719 7697
1 2 4719 7743
3 2 4723 4760
1 2 4723 4794
2 2 4723 7780
1 2 4723 10640
1 2 4724 12691
1 2 4725 10655
3 2 4725 12654
1 2 4727 7986
1 2 4727 8115
3 2 4727 11814
3 2 4727 12303
1 2 4731 4847
1 2 4731 10678
1 2 4734 7274
3 2 4734 10537
1 2 4736 10422
3 2 4736 12134
1 2 4738 4834
1 2 4738 4854
1 2 4739 9669
1 2 4739 10611
1 2 4739 11440
1 2 4740 4811
1 2 4740 7892
1 2 4740 7904
1 2 4740 10340
1 2 4740 11802
1 2 4740 12024
1 2 4742 10662
1 2 4745 7743
1 2 4745 13150
1 2 4747 10155
1 2 4747 10327
1 2 4747 10687
1 2 4747 10690
1 2 4747 12673
1 2 4748 7742
1 2 4748 10609
1 2 4749 4760
1 2 4749 4794
1 2 4749 7745
3 2 4750 7841
1 2 4750 10549
1 2 4750 10664
1 2 4754 7846
1 2 4755 4825
1 2 4756 7480
1 2 4757 7834
3 2 4757 10333
3 2 4757 10391
1 2 4757 10676
1 2 4757 12513
1 2 4758 7320
1 2 4758 12567
1 2 4759 7877
1 2 4759 7883
1 2 4759 10706
1 2 4759 10709
1 2 4759 12603
1 2 4759 12685
1 2 4760 7780
1 2 4760 11772
1 2 4761 10536
1 2 4763 12560
1 2 4764 10680
1 2 4765 4877
1 2 4765 7787
1 2 4772 7862
1 2 4772 10685
1 2 4773 7711
1 2 4773 10146
1 2 4773 10603
3 2 4775 7899
1 2 4775 10718
1 2 4776 4791
1 2 4776 7798
1 2 4776 7811
1 2 4776 12576
1 2 4776 12932
1 2 4778 12124
1 2 4778 12553
1 2 4778 12673
1 2 4779 7616
1 2 4779 7754
3 2 4780 7800
3 2 4780 10670
1 2 4784 11902
1 2 4786 7727
3 2 4789 4793
1 2 4789 7757
3 2 4789 7789
3 2 4789 12536
1 2 4790 4872
1 2 4790 12145
1 2 4790 12688
1 2 4791 7811
1 2 4791 12932
1 2 4792 7786
1 2 4792 10612
1 2 4792 10708
1 2 4792 12557
1 2 4793 7886
1 2 4793 12631
1 2 4794 7745
1 2 4794 10640
1 2 4796 6897
1 2 4796 7747
1 2 4796 7920
3 2 4797 10543
1 2 4797 12540
1 2 4799 7879
1 2 4799 11814
1 2 4801 7752
1 2 4801 12605
1 2 4802 11195
3 2 4803 12515
1 2 4804 7692
3 2 4804 7826
1 2 4804 12617
1 2 4805 7672
1 2 4805 10521
1 2 4805 12189
1 2 4805 12192
3 2 4806 7687
3 2 4806 10202
1 2 4807 7536
1 2 4807 9880
1 2 4809 7848
1 2 4809 7873
1 2 4809 10675
1 2 4809 12537
3 2 4811 7892
3 2 4811 9802
1 2 4813 7778
1 2 4813 10604
1 2 4813 12696
1 2 4814 10340
1 2 4814 10532
1 2 4814 12024
1 2 4814 12570
3 2 4815 10661
3 2 4815 12540
1 2 4817 7685
1 2 4818 12621
1 2 4818 12691
1 2 4819 7839
1 2 4819 12632
1 2 4820 7745
1 2 4822 10697
1 2 4822 12547
1 2 4822 12692
1 2 4824 7846
1 2 4824 10189
1 2 4824 12696
1 2 4825 10454
1 2 4826 7721
1 2 4827 7793
1 2 4830 4871
3 2 4830 10606
1 2 4830 11772
1 2 4832 12543
1 2 4832 12556
1 2 4833 13091
1 2 4834 7829
1 2 4836 5134
1 2 4836 10427
1 2 4836 10455
1 2 4836 10682
1 2 4836 11019
1 2 4836 12377
1 2 4837 7717
3 2 4837 10528
1 2 4838 12676
1 2 4839 12566
1 2 4843 12820
1 2 4846 7895
1 2 4846 12700
1 2 4851 7842
1 2 4851 10929
1 2 4851 12963
1 2 4852 10567
3 2 4853 12621
1 2 4854 10599
1 2 4857 7760
1 2 4857 12585
1 2 4859 13064
1 2 4860 7779
1 2 4860 10593
1 2 4860 11712
1 2 4860 12572
2 2 4860 12585
1 2 4862 7752
1 2 4863 7880
1 2 4863 7883
1 2 4863 10624
3 2 4864 12435
3 2 4865 10582
1 2 4865 10651
1 2 4865 10662
3 2 4866 7274
1 2 4866 7757
3 2 4866 10652
3 2 4866 12536
1 2 4867 10584
1 2 4867 12594
1 2 4868 7759
3 2 4869 7366
3 2 4871 10532
1 2 4871 11772
1 2 4871 12570
1 2 4872 5119
3 2 4872 12688
1 2 4874 12187
1 2 4874 12527
1 2 4875 7896
3 2 4875 11571
1 2 4875 11667
1 2 4875 12588
2 2 4876 10638
1 2 4876 12485
1 2 4877 7761
1 2 4877 7820
1 2 4879 10963
1 2 4879 10978
1 2 4880 7862
1 2 4880 10685
1 2 4880 10719
1 2 4880 12620
1 2 4880 12667
1 2 4883 4950
1 2 4883 7619
1 2 4883 10030
1 2 4883 12799
1 2 4883 12854
1 2 4884 12341
1 2 4884 12410
1 2 4887 8032
1 2 4887 12755
1 2 4887 13089
1 2 4888 12732
1 2 4896 7279
1 2 4896 10006
1 2 4898 7935
1 2 4903 8077
1 2 4904 4991
1 2 4904 12715
1 2 4908 8033
1 2 4908 10765
3 2 4915 5086
1 2 4915 7905
3 2 4915 10794
1 2 4918 12862
1 2 4919 9822
1 2 4919 10702
1 2 4919 11743
1 2 4925 12141
1 2 4927 12751
1 2 4927 12794
1 2 4938 4972
1 2 4941 7161
1 2 4946 7921
1 2 4946 10871
1 2 4948 12710
1 2 4949 5020
3 2 4950 10030
3 2 4950 10872
1 2 4950 11995
3 2 4950 12799
3 2 4953 5096
3 2 4953 11995
1 2 4953 12799
1 2 4955 5038
1 2 4955 8064
1 2 4955 10894
1 2 4955 12720
1 2 4956 5021
1 2 4956 10172
1 2 4957 8008
1 2 4958 5003
1 2 4960 12706
1 2 4963 10745
1 2 4963 12796
1 2 4965 12715
1 2 4970 8077
1 2 4970 12888
3 2 4971 7905
1 2 4975 8070
1 2 4975 12684
1 2 4977 8033
1 2 4979 8106
1 2 4979 10173
1 2 4979 10887
1 2 4980 13277
1 2 4982 12828
1 2 4984 12718
1 2 4984 12844
1 2 4984 12886
1 2 4988 6974
1 2 4988 12709
1 2 4991 12867
1 2 4997 8109
1 2 4998 12717
1 2 5001 6968
1 2 5001 7485
1 2 5001 9829
3 2 5002 5157
3 2 5002 9951
1 2 5002 10021
1 2 5002 10794
1 2 5002 11955
1 2 5003 10742
1 2 5005 5089
1 2 5005 7953
1 2 5007 6932
1 2 5007 7208
1 2 5007 7301
1 2 5007 8049
1 2 5007 12156
1 2 5007 12713
1 2 5010 8036
1 2 5010 13239
1 2 5013 7983
1 2 5013 8122
1 2 5015 10769
2 2 5015 12369
1 2 5019 10311
1 2 5019 11950
1 2 5019 12226
1 2 5019 12781
1 2 5020 5105
1 2 5021 8079
1 2 5021 13088
1 2 5022 6798
1 2 5022 7836
1 2 5022 7981
1 2 5022 10861
1 2 5022 12341
3 2 5024 7995
3 2 5024 12702
3 2 5024 12727
1 2 5032 10799
1 2 5036 6039
2 2 5038 10894
1 2 5039 8006
1 2 5040 5055
1 2 5040 5096
1 2 5040 7938
1 2 5044 7920
1 2 5044 10809
1 2 5044 10914
1 2 5044 12791
1 2 5045 8008
1 2 5048 10144
1 2 5050 10774
1 2 5051 8252
1 2 5051 11020
1 2 5051 12798
1 2 5052 10172
1 2 5054 9137
3 2 5055 7938
1 2 5055 12137
1 2 5055 12777
1 2 5055 12786
1 2 5057 7511
1 2 5057 12327
1 2 5059 10192
1 2 5059 10281
1 2 5059 10824
1 2 5059 12803
1 2 5061 6785
1 2 5061 6987
1 2 5066 8032
1 2 5067 8074
1 2 5070 8006
1 2 5071 7920
1 2 5072 11972
1 2 5078 7079
1 2 5078 12033
1 2 5085 9920
1 2 5085 11743
1 2 5086 10794
3 2 5086 12137
1 2 5088 10855
1 2 5090 9949
2 2 5090 10909
1 2 5090 12384
1 2 5091 12723
1 2 5091 13250
1 2 5100 12327
1 2 5103 8025
1 2 5103 9822
1 2 5103 10798
1 2 5104 8087
1 2 5104 10259
1 2 5104 10324
1 2 5105 8098
1 2 5106 5217
1 2 5106 10400
1 2 5106 10566
1 2 5110 7581
1 2 5110 11007
1 2 5110 12466
3 2 5112 10513
1 2 5115 8140
1 2 5117 8193
1 2 5117 12925
1 2 5121 8251
1 2 5121 12920
1 2 5121 12954
1 2 5121 12984
1 2 5125 5170
1 2 5125 8152
1 2 5125 10950
1 2 5125 10971
1 2 5131 13086
1 2 5131 13303
1 2 5134 10455
1 2 5134 11019
1 2 5139 8244
1 2 5139 10948
1 2 5143 8216
1 2 5143 8255
1 2 5143 12978
1 2 5143 13309
1 2 5146 12994
1 2 5146 13304
1 2 5146 13310
1 2 5152 5184
1 2 5152 10985
1 2 5152 12942
1 2 5152 12970
1 2 5154 5189
2 2 5156 8181
1 2 5156 8239
1 2 5156 10405
1 2 5157 11955
1 2 5157 12708
1 2 5158 8248
1 2 5160 10962
1 2 5160 12929
1 2 5161 7755
1 2 5161 10455
1 2 5163 7500
1 2 5163 10975
1 2 5163 10985
1 2 5163 13000
1 2 5168 10939
1 2 5168 10967
1 2 5169 12920
1 2 5169 12954
1 2 5170 10971
1 2 5171 11000
1 2 5171 12994
1 2 5171 13310
1 2 5172 10432
1 2 5172 10980
1 2 5172 12334
1 2 5173 8218
1 2 5175 8228
1 2 5175 10983
1 2 5175 11011
1 2 5177 8245
1 2 5180 10932
1 2 5180 12911
1 2 5181 10665
1 2 5181 12645
1 2 5182 10939
1 2 5182 10967
1 2 5182 10998
1 2 5182 12961
1 2 5183 8165
1 2 5183 8220
1 2 5183 10927
1 2 5184 7550
1 2 5184 8208
1 2 5184 10375
1 2 5184 10985
1 2 5184 12970
1 2 5186 7636
1 2 5186 10994
1 2 5186 12438
1 2 5186 12937
1 2 5186 12972
1 2 5187 12645
1 2 5189 7605
1 2 5189 10442
1 2 5190 8199
1 2 5190 12969
1 2 5191 8194
1 2 5191 8222
1 2 5192 11000
1 2 5194 5223
1 2 5194 10392
1 2 5194 12422
1 2 5195 8212
1 2 5196 5210
1 2 5197 8165
1 2 5197 12948
1 2 5198 7610
1 2 5198 10941
1 2 5198 11006
1 2 5198 12949
1 2 5199 7872
1 2 5199 12504
1 2 5200 8189
1 2 5200 12951
1 2 5205 12582
1 2 5206 10936
1 2 5206 10955
1 2 5211 5225
1 2 5211 8249
1 2 5211 10925
1 2 5213 8169
1 2 5213 10986
1 2 5215 8218
1 2 5219 7550
1 2 5219 10935
1 2 5219 12970
1 2 5223 8233
1 2 5224 8183
1 2 5225 7567
1 2 5225 8186
1 2 5225 10925
1 2 5227 11006
1 2 5228 8194
1 2 5228 11000
1 2 5229 10944
1 2 5229 10987
1 2 5229 12979
1 2 5230 8157
1 2 5230 13195
1 2 5231 10668
1 2 5231 10697
3 2 5231 12648
1 2 5239 7185
1 2 5283 6592
1 2 5283 9541
3 2 5291 6545
1 2 5291 9418
3 2 5291 9505
3 2 5291 9559
3 2 5291 11516
1 2 5310 12338
1 2 6009 6144
1 2 6010 6023
1 2 6010 11123
1 2 6013 9038
1 2 6013 11126
1 2 6016 6105
1 2 6021 9045
1 2 6021 11175
1 2 6022 6245
1 2 6023 9051
1 2 6023 11053
1 2 6024 6083
1 2 6024 6161
1 2 6027 12808
1 2 6028 11114
1 2 6033 6156
1 2 6034 6075
1 2 6034 6182
1 2 6035 6086
3 2 6035 6095
1 2 6038 9132
1 2 6041 6173
1 2 6041 6187
1 2 6042 11028
1 2 6042 11113
1 2 6046 6104
1 2 6046 9075
1 2 6046 11266
1 2 6047 6138
1 2 6047 6163
1 2 6050 9149
1 2 6050 11163
1 2 6052 9176
1 2 6055 9083
1 2 6057 9190
1 2 6057 11153
1 2 6063 9141
1 2 6063 11185
1 2 6067 11120
1 2 6067 11185
1 2 6070 9176
1 2 6070 11150
1 2 6072 6151
1 2 6072 9096
1 2 6072 9196
1 2 6075 9187
1 2 6077 6180
1 2 6078 9104
1 2 6078 11141
1 2 6080 9204
1 2 6081 11132
3 2 6082 6186
3 2 6082 9206
1 2 6083 6161
1 2 6083 9108
3 2 6084 9209
1 2 6084 11044
1 2 6086 6154
1 2 6086 9111
1 2 6086 11191
1 2 6087 9112
1 2 6088 6193
1 2 6088 6199
1 2 6088 11061
3 2 6089 6191
2 2 6089 9214
1 2 6090 11094
1 2 6093 9182
1 2 6093 11197
1 2 6095 9164
1 2 6095 11174
1 2 6096 11054
1 2 6096 11175
1 2 6099 9221
1 2 6099 11057
1 2 6100 6110
1 2 6101 6167
1 2 6101 11205
1 2 6102 9248
1 2 6102 11171
3 2 6103 9239
1 2 6103 11221
3 2 6103 11253
1 2 6103 11333
3 2 6103 11374
1 2 6108 9129
1 2 6108 9194
1 2 6108 11105
1 2 6108 11211
1 2 6110 11110
1 2 6112 11035
1 2 6113 11027
1 2 6114 6118
1 2 6114 9032
1 2 6115 9103
1 2 6115 11078
1 2 6115 11184
1 2 6118 9139
1 2 6119 11035
1 2 6120 11160
1 2 6120 11376
1 2 6124 6171
1 2 6124 9214
3 2 6124 9370
1 2 6125 6165
1 2 6125 9147
1 2 6126 11129
1 2 6127 9117
1 2 6127 11163
1 2 6129 9154
1 2 6129 11123
3 2 6131 9107
1 2 6131 11093
1 2 6132 11067
1 2 6133 9232
1 2 6133 11051
1 2 6134 6175
1 2 6134 11024
1 2 6135 6358
1 2 6135 9267
1 2 6138 9038
3 2 6139 9098
3 2 6139 11032
1 2 6141 9056
1 2 6141 11033
1 2 6141 11144
1 2 6144 9129
3 2 6144 9167
1 2 6144 11066
3 2 6144 11105
1 2 6145 9170
1 2 6146 11079
1 2 6147 9148
1 2 6147 9173
1 2 6147 11053
1 2 6148 13264
1 2 6149 9172
1 2 6151 9036
1 2 6151 9096
1 2 6151 9174
1 2 6153 9078
1 2 6153 9176
1 2 6154 9212
1 2 6154 11109
1 2 6154 11191
1 2 6155 9126
1 2 6156 9061
1 2 6156 9169
1 2 6157 11183
1 2 6158 9200
1 2 6158 11035
1 2 6159 9055
1 2 6159 11038
1 2 6160 11078
1 2 6161 9220
1 2 6163 9160
3 2 6164 6188
1 2 6164 9054
1 2 6164 9209
1 2 6165 9108
1 2 6166 9130
1 2 6169 11165
1 2 6171 9146
3 2 6174 9097
1 2 6174 11032
3 2 6174 11080
1 2 6176 11367
1 2 6180 9200
1 2 6181 9201
1 2 6188 6311
3 2 6188 9209
1 2 6189 9207
3 2 6191 9214
1 2 6193 9213
1 2 6193 11061
1 2 6195 11114
1 2 6197 11032
1 2 6197 11139
1 2 6199 9101
1 2 6199 11074
3 2 6203 9144
1 2 6209 9149
1 2 6209 11278
1 2 6210 9181
1 2 6214 9126
1 2 6215 9257
1 2 6217 6278
1 2 6217 7359
3 2 6218 6263
1 2 6218 6298
3 2 6218 6377
3 2 6218 9238
1 2 6218 9264
3 2 6218 9375
1 2 6220 6371
1 2 6220 11322
3 2 6221 6270
1 2 6221 7239
3 2 6221 9239
3 2 6221 9268
3 2 6221 11471
1 2 6222 6342
1 2 6222 9340
1 2 6224 11365
1 2 6226 6275
1 2 6226 6302
1 2 6226 6394
1 2 6226 9365
1 2 6229 6360
1 2 6229 6376
1 2 6229 9357
1 2 6229 9483
1 2 6229 9731
1 2 6230 6279
2 2 6230 6398
1 2 6230 9394
3 2 6231 9360
3 2 6231 11295
1 2 6232 6556
1 2 6232 9554
1 2 6233 11271
1 2 6235 6364
1 2 6236 6309
3 2 6236 9387
1 2 6236 11478
3 2 6237 9315
1 2 6237 11279
3 2 6237 11345
3 2 6237 11382
3 2 6241 6286
3 2 6241 9363
3 2 6241 11456
1 2 6242 9353
1 2 6242 11259
1 2 6243 6305
1 2 6243 11336
3 2 6245 9256
3 2 6246 7403
3 2 6246 7431
1 2 6247 6269
1 2 6248 6291
1 2 6248 9258
3 2 6249 6326
1 2 6249 9323
1 2 6249 9386
1 2 6252 6411
1 2 6252 9261
1 2 6252 9301
3 2 6252 11284
1 2 6257 6389
1 2 6257 9347
1 2 6257 11331
1 2 6259 6321
1 2 6259 6567
3 2 6262 6315
1 2 6262 6396
3 2 6262 11347
1 2 6263 6298
1 2 6263 6325
1 2 6263 6377
1 2 6264 6367
1 2 6264 11349
3 2 6268 6318
3 2 6268 6335
1 2 6268 9332
1 2 6268 9379
1 2 6268 9397
1 2 6269 9267
1 2 6269 11338
1 2 6270 7239
3 2 6270 9297
1 2 6270 11279
1 2 6273 6400
3 2 6275 9243
1 2 6275 9299
1 2 6275 11225
1 2 6278 6388
2 2 6278 7403
1 2 6278 11320
1 2 6278 12244
1 2 6279 9273
1 2 6279 9313
1 2 6280 6306
1 2 6281 11312
3 2 6282 6334
3 2 6282 6390
1 2 6283 6380
1 2 6283 9278
1 2 6283 9378
1 2 6283 11236
1 2 6284 6343
3 2 6286 6336
3 2 6286 9309
1 2 6286 9363
3 2 6286 9403
1 2 6287 6393
1 2 6288 11124
1 2 6289 6313
1 2 6289 6405
1 2 6289 11334
1 2 6290 6348
2 2 6290 6396
1 2 6290 9282
1 2 6290 9348
3 2 6290 9395
1 2 6294 6357
3 2 6295 6299
1 2 6295 6392
1 2 6295 9389
3 2 6296 6360
1 2 6298 6325
1 2 6298 9264
1 2 6298 9294
3 2 6299 9298
3 2 6299 9360
3 2 6299 11375
1 2 6300 9383
1 2 6302 9338
1 2 6303 11349
3 2 6304 6386
1 2 6304 9328
1 2 6305 11336
1 2 6308 12172
1 2 6309 6334
1 2 6309 6390
1 2 6309 9277
1 2 6309 9334
3 2 6309 9387
1 2 6310 11070
1 2 6311 6397
1 2 6311 9209
1 2 6311 9308
1 2 6312 6357
1 2 6312 6374
2 2 6313 9284
1 2 6313 9310
1 2 6313 11267
1 2 6313 11334
1 2 6314 9262
1 2 6314 9499
3 2 6315 6333
1 2 6315 9313
1 2 6316 9356
1 2 6316 11217
2 2 6316 11362
3 2 6317 6341
1 2 6317 6369
1 2 6317 9339
1 2 6317 9448
1 2 6318 6335
1 2 6318 6384
3 2 6318 9315
1 2 6318 9379
1 2 6319 6344
1 2 6319 6373
3 2 6319 9249
3 2 6320 6395
3 2 6320 9314
3 2 6320 9383
3 2 6320 9392
3 2 6320 11218
3 2 6321 6347
3 2 6321 9290
1 2 6323 6388
1 2 6324 11097
1 2 6324 11202
3 2 6325 6349
3 2 6325 9347
1 2 6326 6371
1 2 6328 6353
1 2 6328 9352
1 2 6331 6406
3 2 6332 6402
1 2 6332 11245
3 2 6332 11265
1 2 6333 9266
3 2 6333 9395
1 2 6334 6390
1 2 6334 9334
3 2 6335 6384
3 2 6335 6399
3 2 6335 9397
1 2 6336 9335
1 2 6337 11373
2 2 6338 11243
3 2 6340 6413
1 2 6340 9236
3 2 6341 6369
1 2 6341 6398
1 2 6342 9483
1 2 6342 11246
1 2 6343 9276
1 2 6343 9407
1 2 6344 6373
1 2 6344 9288
1 2 6345 9279
1 2 6345 9300
1 2 6345 9362
1 2 6345 11376
3 2 6347 9346
2 2 6348 6414
3 2 6348 9348
1 2 6350 9237
1 2 6351 6489
3 2 6351 9484
3 2 6351 11471
1 2 6352 11389
1 2 6353 6382
3 2 6356 9278
3 2 6356 9345
1 2 6356 9356
1 2 6357 9307
1 2 6358 9257
1 2 6362 6410
1 2 6362 11295
3 2 6363 9364
1 2 6365 11235
1 2 6366 6394
1 2 6369 6398
2 2 6369 9339
3 2 6369 9394
1 2 6371 9241
1 2 6375 9316
3 2 6375 9346
1 2 6375 9372
3 2 6375 9398
1 2 6375 11245
1 2 6376 9483
3 2 6377 11493
1 2 6380 6414
1 2 6380 9378
1 2 6380 11282
1 2 6382 9409
1 2 6385 6395
1 2 6385 11161
1 2 6385 11306
3 2 6387 9272
1 2 6387 9399
1 2 6389 11331
2 2 6391 9286
2 2 6391 11262
3 2 6391 11309
1 2 6395 9237
3 2 6397 9393
1 2 6397 13265
1 2 6399 9285
3 2 6399 11332
3 2 6401 11515
1 2 6402 11245
1 2 6403 9280
1 2 6404 11273
1 2 6405 9284
1 2 6406 9251
1 2 6406 9329
1 2 6408 9221
1 2 6408 9485
1 2 6410 9298
1 2 6410 9407
1 2 6411 9384
1 2 6412 9251
1 2 6412 9362
1 2 6412 11231
1 2 6413 9236
1 2 6413 9359
3 2 6414 9348
1 2 6415 11528
2 2 6416 11430
1 2 6416 11532
1 2 6418 6592
1 2 6418 9421
1 2 6418 9555
3 2 6418 11542
1 2 6421 9416
3 2 6421 9572
1 2 6421 13116
3 2 6423 6451
1 2 6423 9433
2 2 6423 11437
3 2 6423 11561
3 2 6428 6553
3 2 6428 9529
1 2 6429 6455
1 2 6430 9447
1 2 6431 6460
1 2 6431 6483
3 2 6431 9468
1 2 6431 11536
3 2 6432 11439
1 2 6435 6520
1 2 6435 6557
1 2 6435 11503
1 2 6435 11543
1 2 6436 12309
1 2 6440 9414
3 2 6440 11432
3 2 6440 11542
3 2 6441 9428
3 2 6441 11481
3 2 6441 11545
1 2 6444 6488
3 2 6444 9486
3 2 6444 11494
1 2 6444 11560
3 2 6446 6560
3 2 6446 11483
1 2 6449 9550
3 2 6451 6478
1 2 6451 9573
3 2 6455 9423
3 2 6458 6532
1 2 6458 11489
3 2 6458 11557
3 2 6459 9275
1 2 6460 6483
1 2 6460 9425
1 2 6460 9563
1 2 6460 11411
3 2 6462 9511
3 2 6462 9570
1 2 6462 11558
1 2 6464 9567
3 2 6464 11467
3 2 6464 13205
3 2 6469 6570
1 2 6469 6622
1 2 6469 9482
1 2 6470 9441
1 2 6470 11404
3 2 6474 6493
1 2 6474 6505
1 2 6474 6776
1 2 6477 11396
1 2 6478 6495
1 2 6480 6497
1 2 6480 9435
1 2 6480 9451
1 2 6480 9481
3 2 6481 6543
1 2 6481 9449
1 2 6482 6665
1 2 6482 11733
1 2 6483 9468
1 2 6483 11411
1 2 6483 11479
1 2 6484 9544
1 2 6484 11399
1 2 6485 6512
3 2 6485 9457
1 2 6486 6516
1 2 6486 9455
1 2 6487 6582
1 2 6487 9456
3 2 6487 9560
3 2 6487 11468
1 2 6488 6594
1 2 6488 9486
1 2 6488 11560
3 2 6489 9458
3 2 6489 11471
1 2 6493 6505
3 2 6493 9430
1 2 6495 6507
1 2 6495 9491
1 2 6495 9519
3 2 6496 6500
1 2 6496 9574
1 2 6496 11419
3 2 6496 11456
1 2 6497 9451
1 2 6497 11490
3 2 6499 6522
1 2 6499 11507
1 2 6500 9574
3 2 6500 11456
1 2 6500 11562
1 2 6501 6582
1 2 6501 9441
1 2 6501 9497
1 2 6502 11421
3 2 6504 11483
3 2 6504 11606
3 2 6505 6519
1 2 6505 9446
3 2 6505 9461
1 2 6506 9475
1 2 6506 11423
1 2 6507 11504
3 2 6508 9477
2 2 6508 9566
1 2 6508 11425
1 2 6508 11489
3 2 6509 6557
1 2 6510 6676
1 2 6510 9467
1 2 6510 9480
1 2 6510 11602
3 2 6511 12562
3 2 6512 9511
3 2 6512 9570
1 2 6513 11402
3 2 6513 11493
2 2 6515 9420
3 2 6515 11433
1 2 6518 6688
3 2 6518 9644
3 2 6518 9725
3 2 6519 9461
3 2 6519 11487
1 2 6520 9493
1 2 6520 11503
1 2 6520 11543
3 2 6521 9428
3 2 6521 11444
1 2 6521 11505
3 2 6521 13382
3 2 6522 9494
1 2 6522 11507
1 2 6524 9497
1 2 6525 11457
3 2 6526 11406
1 2 6527 9504
1 2 6527 11447
1 2 6529 6712
1 2 6529 9503
3 2 6530 6554
3 2 6530 9531
3 2 6530 11461
3 2 6531 9505
3 2 6531 9658
1 2 6533 9492
1 2 6533 9507
1 2 6533 11463
3 2 6533 11631
1 2 6534 6595
1 2 6534 11414
3 2 6534 11517
3 2 6535 6622
3 2 6535 9509
1 2 6535 11233
1 2 6535 11346
3 2 6535 11388
1 2 6536 6548
3 2 6536 9510
3 2 6537 9444
3 2 6537 11407
3 2 6537 11519
1 2 6537 11562
1 2 6539 9475
1 2 6540 9545
1 2 6540 11499
1 2 6540 11529
3 2 6542 6712
3 2 6542 9503
1 2 6542 11486
3 2 6543 11526
3 2 6545 9505
3 2 6545 11732
3 2 6546 11441
1 2 6547 9507
1 2 6547 9523
3 2 6547 11463
1 2 6548 9525
3 2 6549 9524
3 2 6549 11445
1 2 6549 11533
1 2 6552 6723
1 2 6552 9527
1 2 6552 11525
1 2 6553 9529
3 2 6554 9531
1 2 6554 9556
1 2 6554 11541
1 2 6555 6568
3 2 6555 6581
3 2 6555 9517
3 2 6555 9545
1 2 6555 9557
1 2 6555 11499
1 2 6555 11529
1 2 6556 9466
1 2 6556 9493
1 2 6556 9554
1 2 6556 11477
1 2 6557 9454
1 2 6557 11543
1 2 6559 9471
3 2 6559 11432
3 2 6559 11481
1 2 6560 6598
1 2 6561 9537
1 2 6561 9690
1 2 6561 11522
1 2 6561 11679
3 2 6562 6576
1 2 6562 6590
1 2 6562 11511
1 2 6565 9542
1 2 6565 9566
1 2 6567 9290
3 2 6568 6581
1 2 6568 9517
3 2 6569 6585
3 2 6569 9534
3 2 6569 11563
1 2 6570 9482
1 2 6571 9425
1 2 6571 9563
1 2 6571 9704
3 2 6572 9525
1 2 6573 6751
1 2 6573 11520
1 2 6576 6590
1 2 6576 9539
3 2 6576 11511
1 2 6577 9518
1 2 6578 11397
1 2 6579 11503
1 2 6580 9452
1 2 6580 9494
1 2 6580 11399
1 2 6581 6594
3 2 6581 9557
3 2 6582 9560
1 2 6582 11545
3 2 6583 9418
3 2 6583 9559
3 2 6583 9575
1 2 6583 11435
1 2 6583 13375
1 2 6584 6761
1 2 6584 11534
1 2 6585 9534
3 2 6585 9561
1 2 6585 11420
1 2 6586 6604
1 2 6586 11691
3 2 6587 11408
1 2 6587 11512
1 2 6589 11229
1 2 6590 9567
3 2 6591 11412
1 2 6592 7857
3 2 6592 9421
1 2 6592 9541
1 2 6592 9555
1 2 6593 11477
1 2 6593 11514
1 2 6594 9557
3 2 6594 11417
3 2 6595 9470
1 2 6595 9535
1 2 6595 11517
3 2 6596 11405
1 2 6596 11700
1 2 6597 11409
3 2 6598 9431
3 2 6598 11419
3 2 6598 13068
3 2 6599 9578
1 2 6599 11521
3 2 6599 11535
1 2 6600 9576
1 2 6600 11705
1 2 6601 11460
1 2 6603 9518
1 2 6604 11536
1 2 6604 11691
1 2 6605 9413
1 2 6605 9519
3 2 6606 6793
3 2 6606 6985
1 2 6606 9752
1 2 6606 11734
1 2 6607 9583
1 2 6607 9585
1 2 6609 6784
2 2 6609 9745
3 2 6609 11573
1 2 6610 9743
1 2 6611 9586
1 2 6611 11901
3 2 6613 6786
1 2 6613 9590
3 2 6613 11593
3 2 6613 11794
1 2 6614 6619
1 2 6614 9586
1 2 6615 7322
1 2 6615 9453
1 2 6618 6789
1 2 6618 9593
3 2 6618 9751
1 2 6619 6983
1 2 6619 9586
3 2 6619 9588
1 2 6620 9592
1 2 6620 9753
1 2 6620 11429
3 2 6621 6777
3 2 6621 9737
1 2 6622 9363
1 2 6622 11346
3 2 6625 6630
1 2 6626 11595
1 2 6626 11735
1 2 6631 6675
1 2 6631 9598
1 2 6631 11587
1 2 6634 6998
1 2 6634 9602
1 2 6634 11583
1 2 6635 11570
1 2 6639 6668
3 2 6639 9590
3 2 6639 11573
1 2 6643 6700
1 2 6643 9621
1 2 6643 11787
1 2 6644 6648
1 2 6644 6651
1 2 6644 11576
1 2 6647 9591
1 2 6647 9595
1 2 6647 9608
1 2 6647 11574
3 2 6647 11577
1 2 6648 6651
1 2 6648 9593
2 2 6648 11576
3 2 6650 9627
1 2 6650 13252
1 2 6651 9629
1 2 6652 11588
3 2 6656 11584
3 2 6657 9597
3 2 6657 11582
3 2 6657 11600
1 2 6658 9610
1 2 6658 9612
1 2 6658 9617
1 2 6658 11603
1 2 6661 9584
1 2 6661 11587
1 2 6662 11569
1 2 6666 6668
1 2 6666 9603
3 2 6666 9622
1 2 6666 11573
1 2 6666 11590
1 2 6667 9619
1 2 6669 6671
1 2 6670 6700
1 2 6670 9608
1 2 6670 9643
1 2 6670 11625
1 2 6672 9611
1 2 6672 9646
1 2 6672 11627
1 2 6673 9613
1 2 6673 11595
1 2 6673 11612
1 2 6675 11598
1 2 6676 9634
1 2 6677 9635
1 2 6677 11603
1 2 6677 11636
1 2 6678 6680
1 2 6678 9633
1 2 6678 9636
3 2 6679 11605
3 2 6679 11639
1 2 6680 9655
1 2 6680 11623
1 2 6680 11638
1 2 6681 6757
1 2 6682 6697
1 2 6682 9656
1 2 6682 11608
3 2 6683 9620
3 2 6683 9622
1 2 6683 9638
2 2 6684 11750
1 2 6685 9624
3 2 6685 11610
3 2 6686 11643
1 2 6687 6691
3 2 6687 9650
3 2 6687 9679
1 2 6688 11611
1 2 6688 11631
3 2 6690 9648
1 2 6690 9661
3 2 6690 9679
1 2 6690 11666
3 2 6693 9666
1 2 6693 11620
1 2 6693 11638
1 2 6694 6699
1 2 6694 6876
1 2 6696 6974
1 2 6696 11621
3 2 6696 12709
1 2 6697 9640
1 2 6697 9656
1 2 6697 11644
1 2 6698 9642
3 2 6698 9658
3 2 6698 11642
3 2 6699 9713
1 2 6700 9621
1 2 6700 11625
1 2 6700 11646
3 2 6703 9660
3 2 6703 9676
1 2 6703 11625
3 2 6703 11663
3 2 6705 6899
1 2 6705 9662
3 2 6705 11800
1 2 6706 6729
1 2 6706 9701
1 2 6706 11636
1 2 6707 9662
1 2 6707 9664
3 2 6707 11654
1 2 6708 6725
1 2 6708 9665
1 2 6710 6769
1 2 6710 9724
3 2 6710 11656
1 2 6710 11669
1 2 6711 6714
3 2 6712 9503
3 2 6712 11640
3 2 6713 9450
3 2 6713 9653
3 2 6713 9654
1 2 6713 9682
1 2 6713 11641
1 2 6714 9672
1 2 6714 9687
1 2 6714 11676
1 2 6717 9708
3 2 6717 11650
1 2 6717 11660
1 2 6718 6733
3 2 6718 11633
1 2 6719 7462
1 2 6719 10481
1 2 6719 12202
3 2 6720 9676
1 2 6722 12566
1 2 6723 11651
1 2 6724 9677
3 2 6725 9515
3 2 6725 9681
1 2 6725 11653
1 2 6726 9669
1 2 6726 10684
1 2 6726 11440
1 2 6727 6743
1 2 6727 11670
1 2 6729 6747
1 2 6729 9701
1 2 6730 6748
1 2 6731 9670
1 2 6731 9672
1 2 6731 9685
1 2 6731 11676
1 2 6733 11661
1 2 6734 9686
1 2 6734 9689
1 2 6734 11673
1 2 6735 9706
1 2 6735 11659
3 2 6737 10339
2 2 6737 10393
3 2 6737 11589
3 2 6737 12312
3 2 6737 12368
1 2 6738 11681
1 2 6739 9527
1 2 6739 9692
3 2 6739 11666
1 2 6741 11668
1 2 6742 7779
1 2 6742 12676
1 2 6744 7198
1 2 6746 9699
1 2 6747 9701
1 2 6747 9716
1 2 6749 9703
1 2 6749 11707
1 2 6751 9537
1 2 6751 11520
1 2 6752 6827
1 2 6752 10618
1 2 6752 10719
1 2 6752 12693
1 2 6753 9707
1 2 6754 7766
1 2 6754 7787
1 2 6755 6783
1 2 6755 11729
1 2 6757 9730
1 2 6759 6762
1 2 6759 9717
1 2 6760 11706
1 2 6761 9548
1 2 6761 11689
1 2 6762 6777
1 2 6762 9710
1 2 6762 9717
1 2 6762 9737
1 2 6764 9719
3 2 6766 11702
1 2 6767 7896
3 2 6768 9709
1 2 6769 6782
1 2 6769 9684
1 2 6769 11656
3 2 6769 11669
1 2 6770 9732
1 2 6770 11709
1 2 6770 11711
3 2 6771 9712
3 2 6771 11700
1 2 6773 6789
1 2 6773 11718
3 2 6775 9717
2 2 6775 9734
2 2 6775 11702
2 2 6775 11720
3 2 6777 9710
1 2 6777 9737
1 2 6778 6795
1 2 6778 6916
3 2 6780 9738
2 2 6780 9745
3 2 6780 11730
2 2 6781 9709
1 2 6782 9684
1 2 6782 11714
1 2 6782 11731
1 2 6783 11559
1 2 6784 11573
1 2 6785 6987
1 2 6785 12369
3 2 6786 11716
1 2 6787 7833
1 2 6788 6973
3 2 6790 9752
1 2 6790 11726
1 2 6792 9751
1 2 6792 11720
1 2 6793 9582
1 2 6795 6916
1 2 6797 9580
1 2 6797 11569
1 2 6798 7836
1 2 6799 9591
1 2 6799 11572
1 2 6799 11574
1 2 6799 11899
1 2 6800 6832
1 2 6800 9778
1 2 6800 13229
1 2 6803 7945
1 2 6803 8025
1 2 6803 12778
1 2 6804 6910
1 2 6806 11879
1 2 6807 9763
1 2 6811 9766
1 2 6811 11906
1 2 6812 6836
1 2 6812 6966
3 2 6812 9764
1 2 6812 9797
1 2 6813 9893
1 2 6814 6952
1 2 6814 6967
1 2 6814 9862
1 2 6814 9888
1 2 6817 9896
1 2 6818 6996
1 2 6822 11878
2 2 6823 6929
3 2 6823 9923
3 2 6823 11769
1 2 6823 11888
1 2 6827 12550
1 2 6828 7109
1 2 6828 10480
1 2 6828 12026
1 2 6831 9838
1 2 6832 6896
1 2 6832 6948
1 2 6836 9797
1 2 6836 13225
3 2 6837 9835
1 2 6837 11886
3 2 6838 6989
1 2 6838 11750
1 2 6841 9785
1 2 6841 11806
1 2 6842 9610
1 2 6842 9612
1 2 6842 9769
1 2 6843 6972
1 2 6843 9784
3 2 6845 6869
1 2 6845 9758
1 2 6845 11782
1 2 6845 11799
1 2 6845 11900
3 2 6850 9808
1 2 6851 6918
1 2 6855 9760
3 2 6855 9775
3 2 6855 11760
3 2 6856 6906
3 2 6856 6959
3 2 6856 9889
1 2 6857 6990
1 2 6860 6910
1 2 6860 6981
1 2 6860 9918
1 2 6860 11835
1 2 6861 6876
3 2 6862 6875
1 2 6862 9750
3 2 6862 11751
1 2 6863 9798
1 2 6863 12443
1 2 6865 9797
1 2 6865 11779
1 2 6866 9839
1 2 6866 9917
1 2 6866 9925
1 2 6866 13230
1 2 6868 9759
3 2 6869 9820
1 2 6869 11785
1 2 6869 11799
1 2 6870 9807
1 2 6870 11847
1 2 6871 11811
1 2 6872 6885
3 2 6872 9804
1 2 6872 11817
1 2 6872 12405
1 2 6873 6994
1 2 6873 9865
1 2 6874 6890
3 2 6874 9808
3 2 6874 9825
1 2 6875 9750
3 2 6875 11833
1 2 6877 11860
1 2 6878 6901
3 2 6878 6903
1 2 6880 9765
1 2 6880 12070
1 2 6881 11859
1 2 6882 11782
1 2 6883 9823
1 2 6884 6933
1 2 6884 9819
1 2 6884 12070
3 2 6885 9804
1 2 6885 11785
1 2 6889 9821
1 2 6889 11816
3 2 6890 9825
1 2 6891 9772
1 2 6891 9863
1 2 6892 9758
1 2 6892 9786
1 2 6893 6951
1 2 6893 11836
1 2 6895 9833
1 2 6896 9778
1 2 6896 12081
3 2 6897 7747
1 2 6897 10573
1 2 6898 11886
1 2 6899 9662
1 2 6899 11800
1 2 6901 9813
1 2 6901 9840
1 2 6901 9857
1 2 6902 9877
1 2 6902 9925
1 2 6902 13230
1 2 6903 9857
1 2 6904 9776
3 2 6904 9843
1 2 6905 9803
1 2 6905 9866
1 2 6905 11781
1 2 6905 11850
1 2 6906 6959
3 2 6906 9896
1 2 6909 9832
3 2 6909 9847
3 2 6909 9850
3 2 6911 9774
3 2 6911 9847
3 2 6911 9850
1 2 6912 11778
1 2 6912 11867
1 2 6913 6940
1 2 6913 9849
1 2 6913 11858
1 2 6914 9757
1 2 6914 9852
1 2 6914 13224
1 2 6915 9853
1 2 6916 9708
1 2 6916 9721
1 2 6916 9754
1 2 6919 9868
1 2 6919 11797
1 2 6920 9844
1 2 6922 11878
1 2 6923 6952
1 2 6923 6982
1 2 6923 9862
1 2 6923 11813
1 2 6924 9787
1 2 6924 9817
1 2 6926 9794
1 2 6926 11790
1 2 6926 11861
3 2 6927 9824
1 2 6928 10083
3 2 6929 6984
3 2 6929 11758
1 2 6929 11888
3 2 6932 11931
3 2 6932 12713
1 2 6933 9765
3 2 6934 9655
3 2 6936 9870
3 2 6936 11809
1 2 6936 11825
1 2 6937 6988
1 2 6937 10331
1 2 6939 6980
1 2 6940 6953
1 2 6940 9849
1 2 6942 9894
1 2 6943 9876
1 2 6943 11738
3 2 6943 11783
1 2 6944 9897
1 2 6944 11879
1 2 6945 9878
1 2 6945 11796
1 2 6946 6973
1 2 6946 9907
1 2 6946 11833
1 2 6947 11850
3 2 6949 11491
1 2 6949 11518
1 2 6951 9788
3 2 6951 11771
3 2 6951 11815
1 2 6952 6982
1 2 6953 6970
1 2 6953 6998
1 2 6954 9891
2 2 6954 11749
1 2 6954 11798
1 2 6955 9689
1 2 6955 11692
1 2 6957 9922
1 2 6958 9923
1 2 6958 10343
1 2 6959 9889
1 2 6960 6962
1 2 6960 9723
3 2 6960 9898
3 2 6961 9895
3 2 6961 9926
1 2 6962 9723
1 2 6962 11709
1 2 6964 9766
3 2 6964 9897
1 2 6964 11862
1 2 6964 11893
1 2 6965 7620
1 2 6965 9761
1 2 6965 11797
1 2 6966 13223
1 2 6967 9888
1 2 6967 9919
1 2 6968 9829
1 2 6968 10778
1 2 6968 12401
1 2 6969 11822
1 2 6970 6998
1 2 6971 7547
1 2 6971 10441
3 2 6971 12637
1 2 6972 9784
1 2 6972 9856
1 2 6974 10727
1 2 6974 12670
1 2 6974 12709
1 2 6977 9777
1 2 6979 11998
3 2 6981 11835
1 2 6983 9588
1 2 6984 9758
1 2 6986 9869
1 2 6987 12782
1 2 6988 7575
3 2 6989 11750
1 2 6990 9930
1 2 6991 10472
1 2 6991 11853
1 2 6992 7130
2 2 6993 9767
1 2 6993 9785
1 2 6994 9859
2 2 6994 9865
3 2 6994 11847
1 2 6996 9787
1 2 6996 11885
1 2 6997 12320
1 2 6998 9602
1 2 6998 9906
1 2 6998 11583
1 2 6999 7240
1 2 6999 12705
1 2 7000 7109
1 2 7001 7151
1 2 7004 9970
1 2 7005 10026
1 2 7007 7054
1 2 7007 9944
1 2 7008 10045
1 2 7008 13074
3 2 7011 10005
1 2 7011 10073
1 2 7011 12004
3 2 7011 12049
1 2 7012 7134
1 2 7012 7202
1 2 7012 7527
1 2 7012 10029
1 2 7012 10047
1 2 7014 12052
1 2 7014 12076
1 2 7019 10474
1 2 7019 12408
1 2 7021 10036
1 2 7021 12011
3 2 7025 7085
1 2 7025 9956
2 2 7025 10043
1 2 7025 12055
1 2 7027 11986
1 2 7039 10105
1 2 7039 12077
1 2 7040 9964
1 2 7044 11983
1 2 7045 7083
1 2 7045 9931
1 2 7045 11783
1 2 7045 12054
1 2 7045 12445
1 2 7046 11997
1 2 7049 10108
1 2 7049 10735
3 2 7050 10052
1 2 7050 11985
1 2 7055 12045
1 2 7058 9974
1 2 7059 7147
1 2 7059 10074
1 2 7060 7119
1 2 7060 7430
1 2 7060 10311
1 2 7064 7334
1 2 7065 9976
2 2 7065 12051
1 2 7065 13077
2 2 7068 7198
1 2 7068 9979
1 2 7068 10009
1 2 7069 10023
1 2 7069 10070
1 2 7070 9981
1 2 7070 11915
1 2 7071 12084
3 2 7072 7113
3 2 7072 11960
3 2 7072 12031
1 2 7077 7162
3 2 7080 10807
1 2 7080 10816
1 2 7081 11953
1 2 7081 12051
1 2 7083 7138
1 2 7083 10051
1 2 7083 10081
1 2 7083 11927
1 2 7083 12054
1 2 7084 10108
1 2 7084 10735
3 2 7085 9995
1 2 7085 10098
3 2 7087 7157
3 2 7087 10100
3 2 7087 12097
1 2 7088 12989
1 2 7089 10000
1 2 7089 12074
3 2 7090 10001
3 2 7090 11924
1 2 7091 7164
1 2 7091 10073
1 2 7091 11964
1 2 7092 9987
1 2 7093 9948
1 2 7094 7222
1 2 7094 10008
1 2 7094 11916
1 2 7094 12036
1 2 7095 7168
1 2 7095 10431
1 2 7096 7211
1 2 7097 9999
1 2 7097 12483
1 2 7097 13143
1 2 7098 9891
1 2 7100 10070
1 2 7100 12042
1 2 7101 7434
1 2 7102 10032
1 2 7106 12754
1 2 7107 13386
1 2 7108 10062
1 2 7109 10022
1 2 7109 12026
1 2 7110 9950
1 2 7111 9903
1 2 7116 7958
1 2 7117 10031
1 2 7117 10127
1 2 7118 7612
1 2 7118 10437
1 2 7118 10465
3 2 7119 10270
1 2 7120 10076
1 2 7120 10101
1 2 7121 11912
1 2 7121 12089
1 2 7125 7221
1 2 7125 10036
1 2 7125 13410
1 2 7125 13411
1 2 7126 7540
1 2 7129 7656
1 2 7129 12069
1 2 7130 10038
1 2 7131 12057
1 2 7131 12084
1 2 7132 11923
1 2 7134 7138
3 2 7134 10047
1 2 7134 11927
1 2 7137 10050
1 2 7138 10081
1 2 7138 10096
1 2 7138 10495
1 2 7140 12473
1 2 7144 7216
2 2 7144 10031
2 2 7144 11974
1 2 7144 12099
1 2 7145 9968
1 2 7147 10074
1 2 7150 10019
3 2 7150 11952
1 2 7151 10089
1 2 7153 9979
1 2 7153 10009
1 2 7155 10065
1 2 7155 11915
1 2 7157 9998
1 2 7157 12072
3 2 7158 10424
1 2 7158 12403
3 2 7158 12432
1 2 7159 10377
1 2 7159 12350
1 2 7161 10766
1 2 7161 10858
2 2 7162 7180
1 2 7162 10091
1 2 7162 11921
1 2 7164 10073
1 2 7165 8076
3 2 7165 11952
1 2 7165 12092
3 2 7165 12743
1 2 7166 11939
1 2 7166 13077
1 2 7167 7625
1 2 7167 9934
3 2 7167 10462
3 2 7167 12467
1 2 7168 10404
1 2 7169 12056
1 2 7171 9790
1 2 7171 10083
1 2 7171 11770
1 2 7173 12042
1 2 7174 9944
1 2 7174 10086
2 2 7175 11977
1 2 7175 11992
1 2 7176 13389
3 2 7177 7430
3 2 7177 10872
1 2 7178 10092
1 2 7178 11925
1 2 7180 9994
1 2 7180 11969
1 2 7183 13231
1 2 7185 7782
3 2 7186 7214
1 2 7186 9955
1 2 7187 10015
1 2 7187 10100
1 2 7187 10125
1 2 7189 11980
1 2 7191 10101
1 2 7191 11991
1 2 7196 11956
1 2 7197 11997
1 2 7198 10111
1 2 7200 12055
1 2 7202 10029
1 2 7202 10047
3 2 7204 7221
1 2 7204 10115
3 2 7204 11977
1 2 7204 11992
3 2 7205 10872
1 2 7205 11993
1 2 7207 9975
1 2 7207 10118
1 2 7212 10055
3 2 7212 11946
3 2 7212 12031
1 2 7213 9812
1 2 7213 11737
3 2 7214 11959
1 2 7216 10031
1 2 7216 10127
1 2 7217 10015
1 2 7217 10032
1 2 7221 10036
1 2 7222 11994
1 2 7223 12277
1 2 7225 12224
1 2 7228 10716
3 2 7228 11307
3 2 7228 12567
3 2 7233 7429
3 2 7233 10196
1 2 7236 12131
1 2 7236 12144
3 2 7239 9297
1 2 7243 7354
1 2 7244 10190
1 2 7250 12105
1 2 7250 12295
1 2 7254 12284
1 2 7255 7442
1 2 7256 12767
1 2 7260 7344
1 2 7274 7825
1 2 7279 7434
1 2 7280 12297
3 2 7281 10196
1 2 7281 10256
1 2 7285 9292
1 2 7285 12584
1 2 7288 10130
1 2 7289 7345
1 2 7289 7629
1 2 7289 10230
1 2 7291 9601
1 2 7291 10320
1 2 7291 12149
1 2 7291 12223
1 2 7294 10726
3 2 7297 7340
3 2 7301 12713
1 2 7304 7644
1 2 7304 10244
3 2 7306 7458
1 2 7306 7539
1 2 7306 9910
1 2 7306 10478
1 2 7306 11971
1 2 7306 12418
1 2 7310 10152
1 2 7310 10897
3 2 7310 12180
1 2 7310 12779
1 2 7313 10224
1 2 7313 12227
3 2 7315 7386
1 2 7315 7414
3 2 7315 7442
1 2 7315 10157
1 2 7315 12214
3 2 7317 10630
1 2 7318 11203
1 2 7319 7376
1 2 7319 12191
2 2 7320 10133
1 2 7320 11223
3 2 7320 12567
1 2 7322 12254
1 2 7323 7351
1 2 7323 10165
1 2 7323 10265
1 2 7329 10227
3 2 7330 11200
1 2 7334 10751
1 2 7335 7407
1 2 7342 12215
1 2 7344 10201
1 2 7344 10287
1 2 7345 11662
3 2 7346 11352
1 2 7348 12166
1 2 7348 12534
2 2 7353 7492
1 2 7353 12345
1 2 7361 7644
1 2 7363 8067
1 2 7363 10274
1 2 7363 12275
1 2 7366 9467
1 2 7366 9480
1 2 7366 12278
1 2 7367 10221
1 2 7370 10253
1 2 7372 10001
1 2 7372 12241
1 2 7374 8082
1 2 7374 8114
1 2 7375 11228
3 2 7375 11352
3 2 7375 12216
1 2 7376 7432
1 2 7376 10289
1 2 7377 11293
1 2 7383 10268
1 2 7386 7442
1 2 7386 10271
1 2 7388 12752
1 2 7391 10190
3 2 7394 9284
1 2 7394 11237
1 2 7395 10208
1 2 7403 12244
1 2 7407 12152
1 2 7408 10250
1 2 7408 12224
1 2 7411 10799
1 2 7411 12142
1 2 7411 12295
1 2 7414 7753
1 2 7414 10157
1 2 7414 12214
3 2 7416 7431
1 2 7418 10144
1 2 7418 12408
1 2 7420 9747
1 2 7420 10233
1 2 7420 11731
1 2 7421 12249
1 2 7422 11509
1 2 7422 12735
3 2 7429 10168
3 2 7429 12229
1 2 7430 10030
1 2 7430 10311
1 2 7430 10872
1 2 7430 12781
1 2 7432 10317
1 2 7433 10174
1 2 7433 10320
1 2 7433 12149
1 2 7434 12086
1 2 7436 10149
1 2 7436 10278
3 2 7442 12214
3 2 7449 7539
1 2 7449 7607
1 2 7449 10391
1 2 7449 10516
1 2 7450 7496
1 2 7451 10374
1 2 7451 10498
1 2 7453 8228
3 2 7455 10349
3 2 7455 12366
1 2 7458 7539
3 2 7458 12418
1 2 7459 7568
1 2 7459 12012
1 2 7462 12202
1 2 7462 12459
1 2 7464 7797
1 2 7464 10615
1 2 7464 10753
1 2 7464 11717
1 2 7465 12241
1 2 7466 7558
1 2 7466 7588
3 2 7466 7646
1 2 7469 12464
1 2 7469 12492
1 2 7471 7664
1 2 7471 10388
1 2 7475 7537
3 2 7475 7565
1 2 7475 10361
1 2 7475 10878
1 2 7476 8148
1 2 7476 10931
1 2 7476 12923
1 2 7476 12938
1 2 7480 7668
1 2 7480 10520
1 2 7482 10323
1 2 7482 11222
1 2 7485 7945
1 2 7485 12458
1 2 7485 12778
1 2 7491 10357
1 2 7491 12333
1 2 7492 7531
3 2 7495 7661
1 2 7496 7520
1 2 7500 8208
1 2 7500 10390
1 2 7500 10985
3 2 7500 12351
1 2 7502 10377
1 2 7502 12483
1 2 7508 12012
1 2 7511 8127
1 2 7516 12360
1 2 7517 11757
1 2 7520 10388
3 2 7520 12406
1 2 7521 7577
1 2 7521 10039
1 2 7522 7535
1 2 7523 10433
1 2 7523 11744
1 2 7523 11864
1 2 7524 7552
1 2 7524 10449
1 2 7526 7582
3 2 7526 10433
3 2 7528 9760
1 2 7528 10441
1 2 7531 12345
3 2 7532 10444
1 2 7533 8234
1 2 7533 12377
1 2 7533 12968
1 2 7535 7564
1 2 7536 9880
1 2 7536 12577
1 2 7537 7565
1 2 7537 7593
1 2 7537 10361
3 2 7539 10393
1 2 7539 10478
1 2 7540 12012
1 2 7541 10395
1 2 7541 12233
1 2 7543 10355
1 2 7543 12458
1 2 7543 12489
1 2 7545 12403
1 2 7546 12347
1 2 7547 9727
3 2 7547 11890
1 2 7548 8054
1 2 7550 10375
1 2 7550 10418
1 2 7550 12998
3 2 7551 9653
1 2 7551 9796
1 2 7551 9810
1 2 7552 12398
1 2 7555 7599
1 2 7558 9779
1 2 7558 10439
1 2 7558 10468
1 2 7560 10357
1 2 7561 12961
1 2 7564 10430
1 2 7564 10445
1 2 7565 7593
1 2 7565 7662
1 2 7565 10389
1 2 7565 10443
1 2 7566 12367
1 2 7566 12382
1 2 7567 10925
1 2 7568 7580
3 2 7568 10446
3 2 7568 12012
1 2 7573 11671
1 2 7574 9946
3 2 7574 10401
1 2 7575 7633
1 2 7577 10335
1 2 7579 7608
1 2 7580 9934
1 2 7580 10446
2 2 7582 10433
1 2 7583 9996
1 2 7583 10492
1 2 7583 11509
1 2 7583 12384
1 2 7583 12498
1 2 7584 12248
1 2 7586 10477
1 2 7586 12346
1 2 7586 12463
3 2 7588 7646
1 2 7588 10441
1 2 7589 8148
1 2 7589 8226
1 2 7589 12938
1 2 7590 12347
3 2 7591 9782
1 2 7591 9928
1 2 7591 10376
3 2 7591 10503
1 2 7591 11864
1 2 7592 10430
1 2 7592 12451
3 2 7593 12452
1 2 7594 10447
1 2 7595 12493
1 2 7597 12329
1 2 7597 12397
1 2 7599 10449
1 2 7600 7657
1 2 7601 12417
1 2 7601 12431
1 2 7605 10963
1 2 7607 10391
1 2 7607 12361
1 2 7609 9934
1 2 7609 10474
1 2 7610 12424
3 2 7611 9682
3 2 7611 10339
1 2 7611 10461
1 2 7611 12368
1 2 7611 12497
1 2 7612 10437
1 2 7612 10492
1 2 7612 12470
1 2 7613 7767
1 2 7613 7897
3 2 7615 7797
1 2 7615 10586
1 2 7615 10615
3 2 7619 10030
3 2 7619 10511
1 2 7620 9860
1 2 7620 9912
1 2 7622 10498
1 2 7623 12906
1 2 7623 12992
1 2 7625 9934
1 2 7625 12467
3 2 7626 7831
1 2 7626 10457
3 2 7626 12305
1 2 7626 12697
1 2 7628 10337
1 2 7628 10504
1 2 7628 12486
1 2 7629 10230
1 2 7629 10481
3 2 7631 10424
1 2 7631 10451
1 2 7633 11855
1 2 7634 10514
1 2 7634 12423
1 2 7634 13208
1 2 7636 10945
1 2 7636 12438
1 2 7636 12937
1 2 7636 12977
1 2 7639 12722
1 2 7640 10380
1 2 7640 11942
1 2 7640 12498
1 2 7642 10135
1 2 7642 12277
1 2 7643 7791
1 2 7643 9967
1 2 7643 10495
1 2 7646 10343
1 2 7649 10500
1 2 7649 12451
1 2 7651 7666
1 2 7651 10475
1 2 7651 10487
1 2 7651 12308
3 2 7652 10433
3 2 7652 11744
1 2 7654 12472
1 2 7656 9958
1 2 7656 10098
1 2 7657 12329
1 2 7658 10509
1 2 7660 10484
1 2 7662 10443
1 2 7663 11744
1 2 7663 11864
1 2 7664 10500
1 2 7665 10006
1 2 7665 12310
1 2 7666 10487
1 2 7667 11763
1 2 7670 10379
3 2 7670 10463
1 2 7671 9893
1 2 7671 12473
3 2 7672 10722
1 2 7672 12678
1 2 7676 7717
1 2 7677 7753
1 2 7677 7853
1 2 7677 10198
1 2 7677 12578
1 2 7680 11410
1 2 7680 12594
1 2 7682 11687
1 2 7684 7764
1 2 7685 10692
1 2 7685 12542
1 2 7685 12672
1 2 7688 12633
1 2 7689 10536
1 2 7691 12660
1 2 7692 12617
1 2 7697 12622
1 2 7701 10613
1 2 7701 12666
1 2 7702 7792
1 2 7702 10545
1 2 7706 10603
1 2 7706 12583
1 2 7706 12640
3 2 7708 10630
1 2 7708 12613
1 2 7711 12385
3 2 7712 10579
3 2 7712 10723
1 2 7717 12605
1 2 7718 10552
1 2 7718 10593
1 2 7718 10684
1 2 7721 9616
1 2 7721 12553
1 2 7727 7971
1 2 7732 10839
1 2 7732 12656
1 2 7741 7874
1 2 7741 12619
1 2 7742 10710
1 2 7743 10612
1 2 7747 7920
3 2 7747 12765
1 2 7749 7752
1 2 7749 12612
1 2 7752 7885
1 2 7753 7853
1 2 7755 10553
3 2 7755 12576
1 2 7756 10591
1 2 7758 12505
1 2 7758 12680
1 2 7759 10654
1 2 7762 10702
1 2 7762 10798
1 2 7762 11802
1 2 7762 12624
3 2 7763 12654
1 2 7763 12657
1 2 7766 7858
1 2 7766 12166
1 2 7767 10379
1 2 7769 7902
1 2 7771 7840
1 2 7771 12620
1 2 7774 7846
1 2 7774 9512
1 2 7775 10671
1 2 7776 12550
1 2 7778 10720
1 2 7780 11772
1 2 7780 12642
1 2 7782 10585
1 2 7782 12636
1 2 7782 12682
1 2 7783 12604
2 2 7783 12617
1 2 7785 12660
1 2 7786 10683
3 2 7786 12641
1 2 7787 10684
1 2 7788 12680
1 2 7789 12174
1 2 7789 12536
1 2 7791 8014
1 2 7791 9967
1 2 7791 10657
1 2 7791 10909
1 2 7794 10718
1 2 7794 12701
1 2 7794 13094
1 2 7795 10547
1 2 7795 10550
1 2 7795 10619
1 2 7796 12630
1 2 7796 12700
1 2 7797 10615
1 2 7798 7811
3 2 7798 12576
3 2 7800 10568
1 2 7801 10655
1 2 7801 10698
1 2 7807 10715
1 2 7812 12469
3 2 7815 7886
3 2 7815 12666
1 2 7820 12578
1 2 7821 10573
1 2 7821 12765
1 2 7822 12528
1 2 7829 9678
1 2 7830 7858
1 2 7831 12305
1 2 7832 12618
3 2 7834 9802
3 2 7834 10717
3 2 7835 10528
1 2 7836 7981
1 2 7836 12875
1 2 7840 12516
1 2 7841 7876
1 2 7841 10570
1 2 7842 10929
1 2 7846 9512
3 2 7848 7851
1 2 7848 12537
3 2 7848 12657
1 2 7851 10678
1 2 7851 12543
1 2 7851 12660
1 2 7852 10606
1 2 7852 12516
1 2 7852 12586
1 2 7857 9555
1 2 7857 11497
3 2 7859 10682
3 2 7859 12435
1 2 7859 12560
1 2 7862 12620
1 2 7865 10687
1 2 7865 10690
1 2 7865 12155
2 2 7865 12183
1 2 7865 12553
1 2 7873 10675
3 2 7874 10568
1 2 7875 11902
1 2 7876 12523
1 2 7877 12566
1 2 7879 12699
1 2 7880 10706
1 2 7883 10706
1 2 7883 12603
1 2 7886 10580
1 2 7886 12631
1 2 7887 12664
1 2 7888 10582
2 2 7888 12535
1 2 7888 12633
1 2 7890 12594
1 2 7892 12024
1 2 7894 10567
1 2 7896 12588
1 2 7899 13094
1 2 7900 8178
1 2 7900 10566
1 2 7902 10596
1 2 7903 10898
1 2 7904 10798
1 2 7904 11802
3 2 7905 10807
1 2 7911 12882
1 2 7913 8089
1 2 7920 8012
1 2 7921 10853
1 2 7921 10895
1 2 7921 12804
1 2 7935 10830
1 2 7935 12745
1 2 7936 10790
1 2 7938 10332
1 2 7938 12786
1 2 7945 8025
1 2 7945 9829
1 2 7945 12778
1 2 7950 10836
1 2 7950 12707
1 2 7953 10774
1 2 7953 12726
1 2 7958 10731
1 2 7959 8006
1 2 7969 10523
1 2 7969 10837
1 2 7972 8015
1 2 7972 12710
1 2 7973 8003
1 2 7973 10738
1 2 7973 10746
1 2 7973 10853
1 2 7973 12721
1 2 7973 12835
1 2 7980 8124
1 2 7980 13239
1 2 7981 9920
1 2 7981 10861
1 2 7981 12875
1 2 7983 8071
1 2 7986 8115
1 2 7986 13215
1 2 7991 8047
1 2 7992 8035
1 2 7993 10747
1 2 7997 10796
1 2 7998 12041
1 2 7998 12844
1 2 7998 12868
1 2 8001 12726
1 2 8001 12879
1 2 8003 10800
1 2 8003 10853
1 2 8003 10916
1 2 8003 12850
1 2 8007 9084
3 2 8007 10066
1 2 8007 10139
1 2 8007 10843
1 2 8007 10898
1 2 8011 8100
1 2 8011 10808
1 2 8011 12146
1 2 8011 12734
1 2 8012 10765
1 2 8014 9779
1 2 8014 10468
1 2 8014 10495
1 2 8017 13085
1 2 8021 10820
1 2 8022 10173
1 2 8022 12717
1 2 8025 9822
1 2 8025 11743
1 2 8031 12780
1 2 8047 10846
1 2 8049 12156
1 2 8057 10895
1 2 8064 12301
1 2 8064 12875
1 2 8067 10246
1 2 8067 10808
1 2 8070 10867
1 2 8071 10836
1 2 8079 10732
1 2 8083 10281
1 2 8087 10324
1 2 8087 11950
1 2 8089 10732
1 2 8089 10773
1 2 8089 10832
1 2 8089 12810
1 2 8093 10768
1 2 8093 11671
1 2 8093 12818
1 2 8095 10616
1 2 8097 10740
1 2 8097 10809
1 2 8098 10735
1 2 8098 10813
1 2 8100 10208
1 2 8105 10745
1 2 8106 9084
1 2 8106 10139
1 2 8106 10173
1 2 8106 10887
1 2 8109 10820
1 2 8110 11717
1 2 8110 12328
1 2 8110 12429
1 2 8114 9951
1 2 8114 10021
1 2 8115 10783
1 2 8120 10801
1 2 8120 12854
1 2 8122 10803
1 2 8123 10793
1 2 8125 10922
1 2 8127 10724
1 2 8130 8228
1 2 8138 8202
1 2 8138 12391
1 2 8140 10945
1 2 8140 12977
1 2 8140 12987
1 2 8143 10946
1 2 8144 10932
1 2 8144 13363
1 2 8148 8210
1 2 8148 8226
1 2 8148 12334
1 2 8148 12938
1 2 8157 10952
1 2 8157 12930
1 2 8161 12982
1 2 8169 13000
1 2 8176 10953
1 2 8181 8239
1 2 8183 8205
1 2 8184 10392
1 2 8184 10946
1 2 8186 10927
1 2 8187 8238
1 2 8187 10943
1 2 8187 12964
1 2 8189 12916
1 2 8190 10980
1 2 8190 12996
1 2 8193 12925
3 2 8196 10999
1 2 8200 12962
1 2 8204 8212
1 2 8205 12911
1 2 8205 12967
1 2 8208 10375
3 2 8208 10390
1 2 8208 10985
1 2 8211 12939
1 2 8214 10525
1 2 8214 10668
1 2 8215 10964
1 2 8215 10992
1 2 8215 12970
1 2 8216 10965
1 2 8216 13308
1 2 8216 13309
1 2 8216 13311
1 2 8217 13301
1 2 8217 13303
1 2 8223 12929
1 2 8226 12334
1 2 8226 12996
1 2 8227 8242
1 2 8227 10345
1 2 8229 8251
1 2 8229 12984
1 2 8231 13302
1 2 8232 12980
1 2 8233 10931
1 2 8234 10977
1 2 8236 10773
1 2 8236 10889
1 2 8236 12712
1 2 8236 12753
1 2 8238 12964
1 2 8241 12988
1 2 8245 10566
1 2 8248 13373
1 2 8251 12920
1 2 8251 12984
1 2 8253 12978
1 2 8255 10975
1 2 8255 11022
1 2 8255 13000
1 2 9032 11135
1 2 9036 11029
1 2 9045 9055
1 2 9046 9144
1 2 9046 9256
1 2 9047 9170
1 2 9054 11114
1 2 9055 11038
1 2 9056 11210
1 2 9060 11048
1 2 9061 9181
1 2 9073 9183
1 2 9075 9161
1 2 9075 11306
1 2 9082 9190
3 2 9084 10066
1 2 9084 10887
1 2 9088 11185
1 2 9093 9220
1 2 9093 11067
1 2 9094 11172
1 2 9096 11176
1 2 9098 11072
1 2 9100 9206
1 2 9101 11061
1 2 9103 9204
1 2 9104 11141
1 2 9104 11199
1 2 9106 9233
2 2 9109 9209
1 2 9109 9308
1 2 9109 11082
1 2 9109 11188
1 2 9109 11380
1 2 9110 9202
1 2 9110 11177
1 2 9111 11048
1 2 9112 11030
1 2 9114 9155
1 2 9116 11142
1 2 9117 9193
1 2 9117 11091
1 2 9118 11159
1 2 9121 10579
3 2 9122 11099
1 2 9123 11085
1 2 9124 9213
1 2 9124 11110
1 2 9129 11066
1 2 9129 11105
1 2 9129 11172
3 2 9130 9187
3 2 9131 9199
3 2 9131 11107
1 2 9131 11189
1 2 9137 11194
1 2 9138 11114
1 2 9139 11118
1 2 9139 11206
1 2 9140 11142
1 2 9141 11129
1 2 9141 11148
1 2 9144 11039
1 2 9145 11133
1 2 9146 9192
1 2 9147 11125
1 2 9149 11163
1 2 9149 11278
1 2 9151 11040
1 2 9153 11093
1 2 9155 11025
1 2 9157 11028
1 2 9157 11078
1 2 9157 11135
1 2 9160 11033
1 2 9161 11207
1 2 9163 11043
1 2 9164 9197
1 2 9164 11068
1 2 9169 11076
1 2 9180 11158
1 2 9183 11138
1 2 9185 9209
1 2 9185 11188
3 2 9190 11059
1 2 9190 11153
1 2 9192 11087
1 2 9192 11133
1 2 9192 11193
1 2 9193 11197
1 2 9194 11211
1 2 9196 9296
1 2 9196 11176
3 2 9197 11068
1 2 9199 11177
1 2 9200 11075
1 2 9201 11117
1 2 9202 11086
1 2 9204 11029
1 2 9206 11162
1 2 9207 11189
1 2 9209 9308
1 2 9212 11191
3 2 9214 9370
1 2 9218 11044
1 2 9219 11132
1 2 9219 11144
1 2 9220 11067
1 2 9220 11201
1 2 9225 11203
1 2 9226 11155
1 2 9227 11028
1 2 9227 11113
1 2 9227 11206
1 2 9232 11025
1 2 9232 11051
1 2 9233 11079
1 2 9234 11109
3 2 9235 11217
1 2 9235 11330
3 2 9236 9304
1 2 9236 9359
3 2 9236 11216
1 2 9238 9264
1 2 9238 9294
1 2 9238 9375
3 2 9238 11359
3 2 9239 9268
1 2 9239 11221
3 2 9239 11471
1 2 9240 9317
1 2 9240 9340
1 2 9240 10323
1 2 9240 10493
1 2 9241 11241
3 2 9242 11224
1 2 9243 9365
1 2 9243 11225
1 2 9244 9307
3 2 9245 9367
3 2 9245 9394
1 2 9245 11227
1 2 9246 9438
1 2 9246 11226
1 2 9247 11271
3 2 9249 9288
3 2 9250 9269
3 2 9250 11382
1 2 9251 9329
1 2 9251 9410
1 2 9251 11231
1 2 9252 9277
1 2 9252 9387
1 2 9252 11260
1 2 9255 9303
1 2 9255 9321
1 2 9255 11238
1 2 9255 11371
1 2 9256 11236
1 2 9258 9286
1 2 9258 9409
3 2 9258 11393
1 2 9259 9373
2 2 9260 9328
1 2 9260 11244
1 2 9262 11246
1 2 9263 11316
1 2 9263 11343
1 2 9264 9294
1 2 9266 9313
1 2 9268 11221
3 2 9268 11279
3 2 9269 9332
3 2 9269 9379
3 2 9269 11297
3 2 9269 11317
3 2 9269 11382
1 2 9271 11377
3 2 9272 11254
1 2 9273 9394
3 2 9273 11294
3 2 9277 9306
1 2 9277 9387
1 2 9277 11260
1 2 9278 9378
1 2 9278 11362
3 2 9279 11376
1 2 9281 9309
3 2 9281 9403
3 2 9281 11233
1 2 9281 11264
1 2 9281 11346
1 2 9282 9348
1 2 9282 9395
3 2 9282 11268
1 2 9282 11330
3 2 9284 11267
1 2 9285 11270
3 2 9287 11234
3 2 9288 9342
1 2 9289 11271
1 2 9290 9316
1 2 9290 9346
3 2 9291 9368
3 2 9292 10213
1 2 9292 12157
1 2 9294 9320
1 2 9294 11276
1 2 9294 11305
1 2 9295 11342
3 2 9295 11391
1 2 9296 11367
3 2 9297 11279
3 2 9297 11345
1 2 9298 9407
1 2 9298 11344
1 2 9300 9362
2 2 9300 9410
1 2 9300 11160
1 2 9300 11376
1 2 9301 11284
3 2 9302 11282
1 2 9304 9359
1 2 9304 11341
1 2 9305 9402
1 2 9305 11387
1 2 9306 9361
1 2 9306 11260
3 2 9306 11288
1 2 9306 11372
3 2 9307 9373
1 2 9307 11292
3 2 9307 11356
1 2 9308 9393
3 2 9309 9335
1 2 9309 11318
3 2 9310 11267
1 2 9312 9339
1 2 9312 11436
3 2 9314 11218
3 2 9315 9379
1 2 9315 11345
3 2 9315 11382
1 2 9316 9372
1 2 9316 11274
1 2 9316 11385
1 2 9317 9501
1 2 9317 11291
1 2 9318 9382
1 2 9319 11304
1 2 9319 11392
1 2 9320 9347
1 2 9320 11305
1 2 9320 11331
3 2 9323 11241
1 2 9326 9352
1 2 9326 11308
1 2 9327 11386
1 2 9328 9355
1 2 9328 11244
1 2 9328 11310
3 2 9329 9406
1 2 9331 11234
1 2 9331 11304
2 2 9332 9379
1 2 9332 9397
3 2 9332 11270
1 2 9334 9361
1 2 9335 11318
1 2 9337 9365
1 2 9337 11321
1 2 9340 10323
3 2 9342 11229
1 2 9343 11349
1 2 9344 11394
1 2 9345 11205
1 2 9345 11236
1 2 9349 12172
1 2 9352 9460
1 2 9352 11449
1 2 9353 11259
1 2 9355 9384
3 2 9355 9411
1 2 9355 11310
1 2 9355 11368
1 2 9356 11362
1 2 9357 9438
1 2 9361 11372
1 2 9362 11231
3 2 9363 9403
1 2 9363 11346
1 2 9363 11456
1 2 9366 11242
3 2 9367 9394
1 2 9367 11381
3 2 9368 9389
1 2 9368 11275
1 2 9368 11375
1 2 9372 9398
1 2 9372 11329
1 2 9372 11386
2 2 9373 11356
1 2 9375 11468
3 2 9379 11382
1 2 9382 11254
3 2 9383 9392
3 2 9389 11375
3 2 9392 11378
1 2 9393 11289
3 2 9393 11380
1 2 9393 11390
1 2 9396 11230
1 2 9396 11383
3 2 9397 11270
1 2 9398 11245
1 2 9400 9508
3 2 9400 11492
1 2 9401 11281
1 2 9402 11255
1 2 9403 11346
1 2 9404 9438
1 2 9404 11498
3 2 9406 11311
3 2 9406 13265
2 2 9407 11344
1 2 9410 11160
1 2 9410 11231
1 2 9410 11280
2 2 9411 11242
3 2 9411 11368
1 2 9412 9551
1 2 9412 9567
3 2 9412 11398
3 2 9412 13205
1 2 9414 9429
1 2 9414 11401
1 2 9414 11542
3 2 9416 9572
3 2 9416 11544
3 2 9417 9430
3 2 9417 11418
2 2 9417 11434
1 2 9417 11559
3 2 9418 9444
1 2 9418 9559
1 2 9418 11407
1 2 9418 13375
1 2 9419 11422
1 2 9419 11561
1 2 9419 11715
3 2 9420 11433
2 2 9420 12128
2 2 9421 9541
1 2 9421 9569
1 2 9421 11542
2 2 9422 11408
1 2 9423 9435
3 2 9423 9576
1 2 9425 9563
1 2 9425 11411
1 2 9425 11550
3 2 9427 11398
3 2 9427 11413
1 2 9427 11430
3 2 9427 13205
1 2 9428 9496
1 2 9428 11505
3 2 9429 9569
3 2 9429 11542
3 2 9429 11556
1 2 9432 11523
1 2 9433 11437
1 2 9434 9578
1 2 9434 11563
1 2 9436 11423
1 2 9436 11485
1 2 9437 11489
1 2 9439 9546
3 2 9439 11558
1 2 9441 9471
1 2 9441 9497
1 2 9441 11404
1 2 9443 9547
1 2 9443 11431
1 2 9443 11533
3 2 9444 9472
1 2 9444 11407
1 2 9444 13081
3 2 9446 9461
1 2 9448 11540
1 2 9449 9556
3 2 9450 9682
3 2 9450 12312
2 2 9450 12357
3 2 9450 12368
1 2 9451 11409
1 2 9451 11424
3 2 9452 11399
3 2 9452 11441
1 2 9453 11591
1 2 9454 9558
1 2 9455 11429
1 2 9455 11457
3 2 9456 9560
3 2 9456 11359
3 2 9457 9511
1 2 9457 11467
3 2 9458 11446
1 2 9459 9474
1 2 9459 11400
3 2 9460 11449
1 2 9461 9488
3 2 9461 11434
1 2 9461 11450
1 2 9463 9479
1 2 9463 11437
2 2 9465 11438
1 2 9466 9568
1 2 9467 9480
2 2 9467 12278
3 2 9468 9494
3 2 9468 11479
3 2 9471 11481
3 2 9472 13011
3 2 9472 13081
1 2 9474 11447
3 2 9476 9488
3 2 9477 9566
1 2 9478 9492
3 2 9478 11613
1 2 9481 11464
1 2 9481 11490
1 2 9482 9547
1 2 9483 9731
1 2 9483 11246
1 2 9485 11302
1 2 9486 9547
1 2 9488 11450
3 2 9488 11459
1 2 9490 11732
1 2 9491 11530
3 2 9492 11463
1 2 9493 9554
3 2 9493 11477
1 2 9494 9521
1 2 9494 11399
1 2 9494 11507
3 2 9495 9510
1 2 9495 11465
3 2 9495 11508
1 2 9496 11415
3 2 9496 11505
1 2 9497 11404
3 2 9498 11456
1 2 9499 9731
3 2 9500 11420
3 2 9500 11548
1 2 9501 10493
1 2 9501 11291
3 2 9505 11488
1 2 9507 9523
3 2 9507 9725
3 2 9508 11428
1 2 9508 11492
3 2 9509 11388
1 2 9509 11431
3 2 9510 9525
3 2 9510 11465
3 2 9511 11467
3 2 9512 10670
1 2 9515 9681
1 2 9515 11653
3 2 9517 11486
1 2 9517 11499
2 2 9519 11530
3 2 9521 11399
1 2 9521 11507
1 2 9522 11562
3 2 9523 9534
3 2 9523 9725
3 2 9523 11506
1 2 9524 11445
1 2 9525 11508
1 2 9526 11510
1 2 9526 11537
1 2 9527 11666
3 2 9531 11487
3 2 9531 11541
3 2 9532 11558
1 2 9533 11464
1 2 9533 11514
1 2 9534 9561
3 2 9534 11506
3 2 9535 11415
3 2 9535 11517
3 2 9536 11606
3 2 9536 13081
1 2 9537 9690
3 2 9539 9692
1 2 9539 11511
1 2 9541 9569
1 2 9541 11525
1 2 9542 11526
1 2 9542 11553
1 2 9543 11530
1 2 9543 11557
1 2 9544 11466
3 2 9545 11499
3 2 9545 11529
1 2 9546 11558
1 2 9548 11550
1 2 9549 11537
1 2 9551 9567
3 2 9551 11539
3 2 9557 9572
3 2 9557 11417
3 2 9557 11529
1 2 9558 11479
3 2 9559 11502
1 2 9560 11545
1 2 9561 11506
3 2 9561 11518
3 2 9561 11549
1 2 9562 11406
1 2 9563 11536
1 2 9564 11408
3 2 9566 11553
1 2 9567 13205
1 2 9569 11525
3 2 9569 11542
1 2 9569 11556
3 2 9572 11417
3 2 9572 11529
1 2 9572 11544
1 2 9573 11561
3 2 9574 11419
3 2 9574 11519
3 2 9574 11562
3 2 9574 13068
1 2 9575 11435
1 2 9575 11502
3 2 9575 11531
3 2 9575 11547
3 2 9578 11563
1 2 9579 11396
1 2 9580 11567
1 2 9580 11569
3 2 9582 11584
1 2 9582 11734
1 2 9583 9585
1 2 9583 11569
3 2 9584 9600
1 2 9585 11728
1 2 9587 9618
3 2 9588 9595
1 2 9588 11572
3 2 9591 9595
1 2 9591 11572
1 2 9591 11574
1 2 9592 11736
1 2 9593 11576
1 2 9596 11612
3 2 9597 11565
1 2 9597 11582
1 2 9598 11598
1 2 9599 11583
1 2 9599 11586
1 2 9602 9756
2 2 9602 9906
2 2 9602 11887
1 2 9605 10742
1 2 9605 12161
1 2 9606 11592
3 2 9606 11608
1 2 9606 11787
1 2 9607 9609
1 2 9607 11576
1 2 9608 9643
1 2 9609 9625
1 2 9609 11611
1 2 9611 11581
1 2 9611 11594
1 2 9612 9769
1 2 9614 11603
1 2 9616 10556
1 2 9616 12553
1 2 9617 11603
1 2 9618 9620
3 2 9618 11590
1 2 9619 11622
3 2 9620 9622
3 2 9620 9638
1 2 9620 11590
1 2 9620 11604
3 2 9622 11590
1 2 9624 11594
3 2 9624 11610
1 2 9625 11593
1 2 9625 11628
3 2 9625 11794
1 2 9627 13252
1 2 9628 9647
1 2 9628 11609
1 2 9628 11614
3 2 9629 11631
1 2 9630 11615
3 2 9630 11618
1 2 9631 9867
1 2 9631 11600
1 2 9631 11613
1 2 9633 9636
1 2 9633 11618
1 2 9636 11620
1 2 9636 11638
1 2 9637 9671
3 2 9638 11604
1 2 9638 11640
1 2 9640 11622
3 2 9642 9658
1 2 9643 11610
1 2 9644 11611
3 2 9646 9648
1 2 9648 9679
1 2 9648 11630
1 2 9650 9679
1 2 9651 11619
1 2 9651 11636
3 2 9651 11652
1 2 9652 11620
1 2 9652 11634
1 2 9653 9654
1 2 9653 9810
3 2 9654 11637
3 2 9654 11641
3 2 9655 9666
3 2 9655 11638
1 2 9656 11644
1 2 9656 11646
1 2 9657 12357
3 2 9658 11488
1 2 9660 9690
1 2 9660 11625
3 2 9660 11663
1 2 9661 11630
3 2 9661 11666
1 2 9662 11648
1 2 9663 11647
1 2 9664 9836
3 2 9664 11648
3 2 9664 11654
3 2 9664 11680
3 2 9665 11651
1 2 9666 11638
3 2 9667 9711
1 2 9667 9724
3 2 9668 9670
1 2 9669 11440
1 2 9670 9672
1 2 9670 11639
1 2 9672 11676
1 2 9673 9693
1 2 9675 11665
1 2 9676 11663
1 2 9677 9680
1 2 9677 9718
1 2 9678 10599
1 2 9679 11651
3 2 9682 10461
3 2 9682 12368
1 2 9683 11686
1 2 9684 11685
1 2 9686 9689
1 2 9686 11675
1 2 9686 11677
1 2 9687 11676
1 2 9689 11710
1 2 9690 11663
1 2 9691 9694
3 2 9693 11722
3 2 9694 11678
1 2 9695 12535
1 2 9697 9713
1 2 9697 11658
3 2 9698 9714
3 2 9698 11670
1 2 9698 11703
1 2 9699 11684
1 2 9700 9872
1 2 9700 11684
3 2 9701 11652
1 2 9701 11655
1 2 9703 11688
1 2 9704 11676
3 2 9706 11691
1 2 9708 9721
3 2 9709 11681
3 2 9710 11697
3 2 9711 9724
1 2 9711 11725
3 2 9713 11658
1 2 9716 11534
3 2 9717 9737
2 2 9717 11720
1 2 9719 13218
1 2 9721 11722
1 2 9722 9739
1 2 9724 9746
3 2 9724 11669
3 2 9725 11491
1 2 9726 11696
3 2 9727 12568
1 2 9727 12637
1 2 9728 11711
3 2 9728 11716
3 2 9728 11877
1 2 9732 11716
1 2 9734 9751
1 2 9734 11718
1 2 9734 11720
3 2 9737 11565
1 2 9738 11721
1 2 9739 11724
1 2 9740 12701
1 2 9741 11723
1 2 9741 11726
3 2 9741 11730
1 2 9743 11725
3 2 9744 11559
1 2 9746 11669
1 2 9747 11714
1 2 9747 11731
3 2 9750 9879
1 2 9752 11734
1 2 9753 11706
1 2 9756 9771
1 2 9756 11657
1 2 9756 11887
1 2 9757 9852
1 2 9758 9786
1 2 9759 9803
1 2 9760 9775
1 2 9761 9777
1 2 9762 11750
1 2 9763 9830
3 2 9764 9797
1 2 9766 11893
1 2 9769 9919
1 2 9770 13221
1 2 9771 11657
1 2 9771 11754
1 2 9772 9863
1 2 9772 11824
1 2 9773 10867
1 2 9773 12301
1 2 9773 12848
1 2 9773 12893
3 2 9775 11760
3 2 9775 11776
1 2 9775 11890
1 2 9776 11822
1 2 9778 9828
1 2 9778 12081
1 2 9778 13229
1 2 9779 12637
1 2 9780 9809
3 2 9781 11764
1 2 9781 11815
3 2 9782 10433
1 2 9782 10503
1 2 9783 9919
1 2 9783 11597
1 2 9784 9856
1 2 9784 11837
1 2 9785 11766
1 2 9788 11815
1 2 9789 9923
3 2 9789 11789
1 2 9790 11896
1 2 9791 9930
1 2 9791 11774
1 2 9792 12627
1 2 9794 9904
1 2 9794 11751
1 2 9794 11790
1 2 9794 11882
1 2 9795 11896
3 2 9796 9810
1 2 9798 12500
1 2 9799 9921
1 2 9799 11778
3 2 9800 9846
1 2 9801 11782
1 2 9801 11900
1 2 9803 9866
3 2 9804 11785
3 2 9807 11847
1 2 9807 12056
1 2 9808 11800
1 2 9809 9821
1 2 9809 11858
1 2 9810 11791
1 2 9811 11792
1 2 9811 11860
1 2 9812 9933
1 2 9813 9840
1 2 9813 11793
2 2 9813 11821
1 2 9814 9855
1 2 9814 10483
1 2 9814 11757
1 2 9814 11859
1 2 9815 12070
1 2 9817 11673
3 2 9820 11785
1 2 9820 11799
1 2 9821 11845
1 2 9822 10702
1 2 9822 10798
1 2 9822 11743
1 2 9823 9893
1 2 9823 11871
3 2 9824 9853
1 2 9827 11809
1 2 9827 11825
1 2 9828 12081
1 2 9828 12083
1 2 9830 11810
1 2 9831 11836
1 2 9832 11830
3 2 9834 10489
3 2 9835 11815
3 2 9836 11648
1 2 9838 11790
1 2 9839 9917
1 2 9839 11756
1 2 9839 13230
1 2 9840 11821
1 2 9840 11838
1 2 9841 11781
1 2 9841 11850
1 2 9843 11761
1 2 9843 11822
1 2 9844 11747
3 2 9846 11825
2 2 9846 13232
3 2 9847 9850
1 2 9849 9874
1 2 9851 11804
1 2 9852 11742
1 2 9855 10483
1 2 9855 11859
1 2 9856 10027
1 2 9856 11837
1 2 9858 10497
1 2 9858 11739
1 2 9858 11880
1 2 9862 9888
2 2 9862 11905
1 2 9863 11824
3 2 9864 11900
3 2 9867 11613
3 2 9867 11616
1 2 9868 9954
1 2 9868 11797
1 2 9869 11768
1 2 9870 13226
1 2 9874 9906
1 2 9874 11832
1 2 9875 9914
1 2 9877 13230
1 2 9878 11907
1 2 9879 9907
1 2 9879 11889
1 2 9880 10719
3 2 9882 9884
3 2 9882 12169
1 2 9883 11850
1 2 9883 11862
1 2 9884 11697
1 2 9884 11699
1 2 9885 11771
1 2 9885 11808
1 2 9888 9919
1 2 9888 11842
1 2 9889 11884
1 2 9892 10333
1 2 9892 12586
1 2 9893 9912
1 2 9893 12473
1 2 9894 11816
1 2 9894 11872
3 2 9895 9926
1 2 9898 11711
3 2 9898 11877
1 2 9902 9919
3 2 9903 11884
3 2 9904 11751
3 2 9904 11846
1 2 9904 11882
2 2 9906 11832
1 2 9906 11887
1 2 9907 11889
1 2 9908 12624
1 2 9908 12893
3 2 9909 11891
3 2 9910 10478
1 2 9910 11971
1 2 9911 11876
1 2 9913 9928
1 2 9913 11864
1 2 9914 13255
1 2 9915 11881
1 2 9917 11756
1 2 9917 11820
1 2 9921 11778
1 2 9922 11872
1 2 9924 11861
2 2 9925 13230
1 2 9927 11836
1 2 9928 10376
1 2 9928 11893
1 2 9929 10038
3 2 9931 10412
1 2 9931 12445
1 2 9933 11766
1 2 9936 10036
1 2 9936 10115
1 2 9937 10079
1 2 9945 10113
3 2 9946 11924
1 2 9949 9967
1 2 9949 10394
1 2 9951 10021
1 2 9951 10794
1 2 9954 11797
1 2 9954 11853
1 2 9955 11959
1 2 9956 12055
3 2 9958 10364
1 2 9963 12077
1 2 9964 12760
1 2 9965 12028
1 2 9967 10909
1 2 9968 11946
3 2 9969 10068
3 2 9969 11944
1 2 9969 11996
1 2 9970 9982
1 2 9970 10080
1 2 9970 11918
1 2 9970 12014
1 2 9973 10751
1 2 9973 12777
1 2 9973 12786
3 2 9975 11952
1 2 9975 12092
1 2 9976 11953
1 2 9976 12034
1 2 9976 12051
1 2 9979 10009
1 2 9981 13408
1 2 9981 13410
1 2 9982 11918
1 2 9982 12350
1 2 9985 10055
1 2 9985 12031
1 2 9987 11933
1 2 9989 11967
3 2 9990 12066
1 2 9993 10416
1 2 9993 11929
1 2 9993 11968
1 2 9993 12423
2 2 9994 11969
3 2 9995 10040
1 2 9995 10079
1 2 9995 11973
1 2 9996 11509
1 2 9996 12384
1 2 9998 12072
3 2 9999 12467
3 2 10001 10255
1 2 10001 11978
1 2 10003 11980
1 2 10003 11996
3 2 10005 10073
1 2 10005 11964
1 2 10005 12049
1 2 10006 10335
1 2 10009 13231
1 2 10015 10100
1 2 10015 10128
2 2 10015 11989
1 2 10015 12072
1 2 10016 11936
1 2 10019 11993
1 2 10023 10107
1 2 10024 10109
1 2 10026 11921
1 2 10026 11935
1 2 10027 12098
1 2 10030 10872
1 2 10032 10128
1 2 10034 12076
1 2 10039 10431
1 2 10040 11916
1 2 10040 11973
1 2 10041 11907
1 2 10043 12069
1 2 10045 11923
1 2 10045 12020
1 2 10047 11927
1 2 10051 11927
1 2 10051 12054
3 2 10052 11985
1 2 10056 11810
1 2 10061 11910
1 2 10061 11967
3 2 10065 11915
1 2 10066 10772
1 2 10066 10843
1 2 10066 12005
1 2 10068 11761
1 2 10068 11822
1 2 10068 12043
1 2 10073 11964
1 2 10075 12075
1 2 10075 12319
1 2 10076 12052
3 2 10077 12050
1 2 10080 12095
1 2 10081 10096
1 2 10081 12445
1 2 10082 11935
1 2 10083 11770
1 2 10086 12059
3 2 10088 10116
3 2 10088 12063
1 2 10091 11969
1 2 10094 13228
1 2 10094 13231
1 2 10096 10495
1 2 10096 12445
1 2 10100 12072
1 2 10102 12045
1 2 10105 11981
1 2 10106 10804
1 2 10110 11948
1 2 10115 11977
1 2 10115 12089
3 2 10116 12462
1 2 10118 12037
3 2 10125 12097
1 2 10128 11989
1 2 10128 12007
1 2 10130 10274
1 2 10133 12287
3 2 10133 12567
1 2 10135 10491
1 2 10135 12277
1 2 10135 12293
3 2 10136 10314
1 2 10137 10309
1 2 10140 10168
1 2 10140 12143
1 2 10140 12170
1 2 10140 12198
3 2 10142 10185
3 2 10142 10329
1 2 10142 12117
1 2 10148 10601
1 2 10149 12164
1 2 10150 10322
1 2 10150 12138
1 2 10152 12180
3 2 10154 10283
3 2 10154 12127
1 2 10154 12197
1 2 10155 10690
1 2 10155 12214
1 2 10159 10422
1 2 10159 11698
1 2 10161 10292
1 2 10163 11818
1 2 10168 10312
3 2 10168 12143
1 2 10172 12804
1 2 10173 12717
1 2 10174 10230
1 2 10174 10320
1 2 10174 12202
1 2 10177 12191
3 2 10183 10271
1 2 10183 12211
1 2 10185 10329
1 2 10187 10488
1 2 10187 11687
1 2 10187 12430
3 2 10189 12102
1 2 10189 12696
1 2 10192 10753
1 2 10192 10824
3 2 10192 12735
1 2 10193 12125
3 2 10196 10224
1 2 10196 12198
1 2 10196 12227
1 2 10198 10327
1 2 10198 10693
1 2 10198 12578
1 2 10199 10240
1 2 10200 11133
1 2 10200 11193
3 2 10202 12616
1 2 10205 12239
3 2 10210 12182
3 2 10210 12295
3 2 10211 10308
1 2 10212 12171
3 2 10213 12229
1 2 10215 12342
1 2 10216 11307
1 2 10216 12527
2 2 10221 10250
1 2 10221 12173
1 2 10230 10320
1 2 10230 10481
1 2 10232 12204
1 2 10232 12232
1 2 10233 10303
1 2 10235 10630
1 2 10236 10265
1 2 10236 12236
3 2 10239 10308
1 2 10246 12164
1 2 10246 12247
1 2 10247 12291
1 2 10250 12195
1 2 10259 10756
1 2 10262 12163
1 2 10262 13008
1 2 10271 12211
1 2 10274 12275
3 2 10278 12180
1 2 10281 10824
1 2 10281 12501
3 2 10283 10344
1 2 10283 12197
1 2 10283 12284
3 2 10284 10312
3 2 10284 12229
1 2 10286 10314
1 2 10292 12152
1 2 10293 12224
1 2 10296 10756
1 2 10296 12779
1 2 10299 12242
1 2 10303 11731
1 2 10306 12236
1 2 10312 12257
1 2 10313 13376
1 2 10318 12202
1 2 10318 12459
1 2 10320 12149
1 2 10322 12268
1 2 10324 12226
3 2 10327 12214
1 2 10327 12673
1 2 10329 11223
1 2 10329 12157
1 2 10331 11801
1 2 10332 10471
1 2 10332 12480
1 2 10333 10391
1 2 10333 10676
1 2 10334 10373
1 2 10336 10936
1 2 10336 12949
1 2 10337 10504
2 2 10337 12341
1 2 10337 12410
3 2 10339 10393
1 2 10340 11802
1 2 10340 12024
3 2 10341 10526
3 2 10341 12456
1 2 10343 10412
1 2 10343 11873
1 2 10345 12961
1 2 10347 12481
1 2 10349 10389
3 2 10349 12338
1 2 10352 10380
1 2 10352 10520
1 2 10352 11942
1 2 10354 10382
1 2 10355 10410
1 2 10358 12035
3 2 10358 12307
1 2 10360 10513
1 2 10360 12479
1 2 10360 12972
1 2 10361 10878
1 2 10362 12336
1 2 10362 12496
1 2 10364 12012
1 2 10370 12463
1 2 10375 10390
1 2 10375 10418
3 2 10376 10503
1 2 10376 12482
1 2 10377 12053
1 2 10379 10463
1 2 10380 10407
1 2 10380 12325
1 2 10381 11662
1 2 10381 11665
1 2 10385 10768
1 2 10386 12492
1 2 10387 10483
3 2 10387 12303
1 2 10389 10443
3 2 10389 12338
3 2 10390 10402
1 2 10390 10418
1 2 10390 12351
1 2 10390 12394
1 2 10391 10516
3 2 10391 10717
3 2 10391 12361
1 2 10393 10478
1 2 10393 11589
1 2 10398 10411
1 2 10398 12345
3 2 10400 12064
1 2 10400 12648
1 2 10401 12420
1 2 10401 12854
1 2 10402 12351
3 2 10402 12364
1 2 10402 12394
1 2 10404 12407
1 2 10407 12325
1 2 10407 12353
2 2 10410 10449
1 2 10410 12328
1 2 10411 12173
3 2 10412 11841
1 2 10415 10442
1 2 10415 12419
1 2 10415 12589
1 2 10415 12692
1 2 10416 10443
1 2 10418 12394
1 2 10418 12409
1 2 10418 12998
3 2 10422 11698
1 2 10422 12134
1 2 10425 10438
1 2 10425 12360
1 2 10425 12388
1 2 10427 10682
1 2 10427 12377
1 2 10430 12451
1 2 10432 10513
1 2 10432 12479
1 2 10437 10465
1 2 10437 11975
1 2 10438 12195
1 2 10438 12431
1 2 10439 12445
1 2 10442 12419
3 2 10444 10512
1 2 10445 10458
3 2 10446 10462
1 2 10448 11621
1 2 10448 12437
1 2 10454 12434
3 2 10455 10682
1 2 10457 12305
1 2 10457 12365
3 2 10457 12497
3 2 10457 12697
2 2 10460 10487
1 2 10460 12424
1 2 10463 10519
1 2 10465 11975
1 2 10466 11643
3 2 10466 12189
1 2 10468 10495
1 2 10469 12241
1 2 10470 12161
1 2 10472 12441
3 2 10478 11589
1 2 10479 10491
1 2 10479 12472
1 2 10483 11757
1 2 10483 11795
1 2 10486 12492
1 2 10487 12424
1 2 10488 10530
1 2 10489 12752
1 2 10491 12293
1 2 10492 12384
1 2 10492 12470
1 2 10492 12498
1 2 10493 11302
1 2 10497 12387
1 2 10500 12451
1 2 10502 12453
1 2 10502 12468
1 2 10502 12496
1 2 10503 12355
1 2 10503 12482
1 2 10504 10861
1 2 10504 12341
1 2 10507 12300
1 2 10507 12432
1 2 10510 12333
3 2 10511 12114
3 2 10512 12421
1 2 10512 12493
1 2 10513 10947
1 2 10514 12395
1 2 10515 12351
1 2 10515 12364
1 2 10515 12453
1 2 10519 12342
1 2 10519 12443
1 2 10520 11942
3 2 10521 12189
1 2 10524 10596
1 2 10524 12575
1 2 10525 12963
3 2 10532 10606
1 2 10532 12024
1 2 10541 12537
1 2 10544 12595
1 2 10545 10614
1 2 10546 12613
1 2 10548 12508
1 2 10548 12571
3 2 10549 10661
1 2 10550 10680
1 2 10552 10593
1 2 10552 11440
1 2 10559 12622
1 2 10567 10638
3 2 10568 12619
1 2 10569 10595
1 2 10569 12620
1 2 10569 12667
1 2 10574 12556
1 2 10574 12641
1 2 10575 12612
1 2 10580 10649
1 2 10582 12535
1 2 10584 12635
1 2 10586 12670
1 2 10588 12627
1 2 10588 12642
1 2 10593 10624
1 2 10593 11712
1 2 10593 12572
1 2 10594 10930
1 2 10595 12577
1 2 10595 12646
1 2 10595 12667
1 2 10611 11440
1 2 10611 12603
1 2 10611 12663
1 2 10613 10686
1 2 10614 12656
1 2 10618 10685
1 2 10618 10719
1 2 10618 12597
1 2 10618 12693
1 2 10622 10637
1 2 10638 13150
1 2 10640 10711
3 2 10640 12561
1 2 10642 12552
1 2 10642 12627
1 2 10644 12571
1 2 10648 12659
1 2 10649 12563
1 2 10653 12635
1 2 10655 10698
1 2 10656 12593
1 2 10656 12636
3 2 10657 10909
3 2 10660 12640
1 2 10661 12540
1 2 10662 12573
3 2 10666 11788
3 2 10666 12586
3 2 10666 12646
1 2 10672 12535
1 2 10672 12651
1 2 10676 12513
1 2 10676 12586
1 2 10678 12657
1 2 10680 12529
2 2 10682 12435
1 2 10684 11440
1 2 10685 10719
1 2 10686 12174
1 2 10687 10690
1 2 10687 12553
1 2 10687 12673
3 2 10696 12546
2 2 10696 12679
1 2 10697 12419
3 2 10698 10722
1 2 10702 10798
1 2 10709 12685
1 2 10715 12600
3 2 10717 12361
1 2 10718 12701
3 2 10723 11098
1 2 10724 10854
1 2 10724 12750
1 2 10727 11635
1 2 10729 12708
1 2 10729 12822
1 2 10731 12842
1 2 10732 12810
1 2 10738 12804
1 2 10740 10894
1 2 10740 12791
1 2 10743 12806
1 2 10746 10800
1 2 10747 10790
1 2 10747 12703
1 2 10747 12845
1 2 10751 12786
1 2 10753 11717
1 2 10766 10858
1 2 10768 10837
1 2 10769 12369
1 2 10769 12835
1 2 10772 12041
1 2 10772 12822
1 2 10773 10889
1 2 10773 12712
1 2 10773 12810
1 2 10778 10861
1 2 10784 12862
1 2 10790 12872
1 2 10796 10834
1 2 10798 11802
1 2 10799 12105
1 2 10800 12850
1 2 10807 12137
1 2 10808 12734
1 2 10809 12827
1 2 10824 12501
1 2 10827 12744
1 2 10829 10915
1 2 10829 12751
1 2 10830 10916
1 2 10830 12745
1 2 10830 12897
1 2 10837 10922
1 2 10842 10886
1 2 10842 12753
1 2 10843 10898
1 2 10843 12041
1 2 10843 12792
1 2 10846 12798
1 2 10847 12886
1 2 10851 12744
1 2 10851 12887
1 2 10853 12804
1 2 10861 12341
1 2 10862 12742
1 2 10862 12787
1 2 10866 12718
1 2 10866 12792
1 2 10867 12684
1 2 10867 12720
1 2 10867 12893
1 2 10871 10916
1 2 10886 12823
1 2 10886 13085
1 2 10887 12005
1 2 10889 12810
1 2 10895 12873
1 2 10897 12734
1 2 10897 12779
1 2 10898 12792
1 2 10906 12828
1 2 10913 11249
1 2 10916 12850
1 2 10919 12843
1 2 10919 12874
1 2 10920 12464
1 2 10922 12818
1 2 10925 12910
1 2 10927 12906
1 2 10931 12923
1 2 10932 11017
1 2 10932 12911
1 2 10935 12494
1 2 10935 12998
1 2 10939 10967
1 2 10939 10998
1 2 10943 12440
1 2 10943 12453
1 2 10943 12468
1 2 10944 12943
1 2 10945 12937
1 2 10945 12977
1 2 10947 12972
1 2 10949 10983
1 2 10949 10997
1 2 10949 12962
1 2 10952 13086
1 2 10952 13195
1 2 10953 13307
1 2 10957 10978
1 2 10957 12519
1 2 10964 10992
1 2 10965 10986
1 2 10965 13311
1 2 10966 12958
1 2 10969 12962
1 2 10975 10985
1 2 10975 11022
1 2 10975 12942
1 2 10975 13000
1 2 10980 12334
1 2 10981 12321
1 2 10981 12982
1 2 10985 12942
1 2 10988 12967
1 2 10989 12961
1 2 10994 11003
1 2 10997 12962
1 2 11001 13308
1 2 11001 13311
1 2 11003 11008
1 2 11003 12972
1 2 11008 12972
1 2 11019 12377
1 2 11022 12942
1 2 11022 12978
1 2 11023 12951
1 2 11024 11079
1 2 11031 11117
1 2 11032 11080
1 2 11032 11139
1 2 11040 11147
1 2 11054 11146
1 2 11055 11136
1 2 11057 11127
1 2 11057 11443
1 2 11059 11153
1 2 11066 11172
1 2 11069 11120
1 2 11072 11139
1 2 11076 11141
1 2 11078 11184
1 2 11081 11164
1 2 11082 11188
1 2 11082 11380
1 2 11083 11165
1 2 11084 11154
1 2 11094 11212
1 2 11097 11202
3 2 11098 12502
1 2 11111 11195
1 2 11124 11193
1 2 11125 11164
3 2 11127 11426
3 2 11127 11443
1 2 11133 11193
1 2 11148 11187
1 2 11150 11153
3 2 11160 11327
1 2 11161 11266
1 2 11170 12175
1 2 11215 11327
1 2 11216 11370
3 2 11218 11332
3 2 11219 11276
3 2 11219 11359
3 2 11220 11241
3 2 11220 11290
3 2 11221 11253
1 2 11222 11302
3 2 11225 11348
2 2 11225 11377
1 2 11226 11358
1 2 11226 11498
1 2 11227 11258
3 2 11229 11298
1 2 11232 11260
3 2 11233 11264
1 2 11233 11346
1 2 11233 11388
3 2 11235 11284
2 2 11235 11300
1 2 11237 11267
1 2 11238 11287
1 2 11238 11371
3 2 11240 11393
3 2 11242 11368
1 2 11243 11292
1 2 11243 11356
1 2 11244 11283
2 2 11247 11301
3 2 11248 11294
1 2 11248 11314
3 2 11248 11379
1 2 11249 12780
1 2 11251 11366
3 2 11253 11374
1 2 11254 11384
3 2 11256 11377
3 2 11260 11288
3 2 11262 11309
2 2 11262 11394
1 2 11264 11360
3 2 11268 11379
1 2 11270 11317
1 2 11274 11301
1 2 11274 11385
1 2 11276 11305
3 2 11277 11344
1 2 11277 11394
1 2 11279 11345
3 2 11280 11327
1 2 11283 11337
1 2 11285 11341
1 2 11288 11316
1 2 11288 11372
1 2 11289 13264
1 2 11296 11351
1 2 11297 11317
3 2 11298 11325
1 2 11299 11378
1 2 11301 11329
1 2 11301 11357
1 2 11304 11392
1 2 11305 11331
1 2 11311 13264
1 2 11314 11379
1 2 11316 11343
1 2 11316 11372
1 2 11318 11360
1 2 11320 11365
1 2 11321 11458
1 2 11324 11394
1 2 11325 11383
1 2 11329 11386
3 2 11333 11374
3 2 11333 13070
1 2 11337 11368
2 2 11342 11358
1 2 11342 11391
1 2 11342 11498
1 2 11343 11372
2 2 11344 11394
1 2 11348 11377
3 2 11351 11381
1 2 11357 11386
3 2 11374 13070
1 2 11398 11413
1 2 11398 11554
3 2 11401 11414
3 2 11401 11517
1 2 11402 11468
1 2 11402 11493
1 2 11405 11422
1 2 11405 11437
3 2 11407 13375
1 2 11409 11424
3 2 11410 12594
1 2 11411 11427
1 2 11411 11550
3 2 11412 11475
1 2 11413 11430
1 2 11414 11517
2 2 11417 11445
1 2 11417 13116
1 2 11418 11434
1 2 11419 13068
1 2 11422 11437
1 2 11424 11438
1 2 11425 11489
1 2 11430 11532
1 2 11431 11533
3 2 11434 11450
3 2 11435 11470
1 2 11435 13375
3 2 11439 11500
1 2 11444 11505
1 2 11445 13116
3 2 11446 13070
3 2 11450 11459
3 2 11452 11461
3 2 11459 11476
1 2 11460 11523
1 2 11464 11490
3 2 11464 11514
1 2 11465 11616
3 2 11470 11494
3 2 11481 11545
3 2 11483 11606
3 2 11488 11516
3 2 11488 11642
1 2 11491 11506
1 2 11491 11518
1 2 11495 12281
3 2 11502 11531
1 2 11506 11518
1 2 11509 12735
3 2 11516 11642
3 2 11518 11549
3 2 11519 11562
3 2 11519 13068
2 2 11521 11535
1 2 11525 11556
3 2 11529 11544
1 2 11531 11547
1 2 11536 11691
1 2 11539 11554
1 2 11546 11683
1 2 11546 11703
1 2 11547 11560
3 2 11549 13011
1 2 11561 11715
1 2 11564 11735
1 2 11564 13252
1 2 11565 11720
1 2 11568 11587
1 2 11571 13094
1 2 11572 11872
1 2 11577 11580
1 2 11580 11586
1 2 11583 11586
1 2 11589 12312
1 2 11592 11608
3 2 11593 11794
1 2 11599 11617
3 2 11600 11616
3 2 11601 11604
1 2 11601 11623
1 2 11602 11728
1 2 11606 13081
1 2 11609 11614
2 2 11615 11618
1 2 11617 11647
1 2 11621 11635
1 2 11621 12437
1 2 11627 11630
1 2 11635 12437
3 2 11641 11685
1 2 11644 11646
1 2 11645 11674
3 2 11650 11680
1 2 11655 11672
1 2 11663 11679
3 2 11665 11722
1 2 11667 12588
1 2 11667 12597
1 2 11675 11840
1 2 11677 11692
1 2 11677 11840
1 2 11682 11902
1 2 11685 11714
2 2 11697 11699
1 2 11697 11838
1 2 11707 13218
1 2 11708 12380
1 2 11708 12450
3 2 11711 11877
1 2 11717 12328
1 2 11721 11891
1 2 11723 11730
3 2 11732 13011
1 2 11738 11841
1 2 11739 11759
3 2 11740 11900
1 2 11741 11899
1 2 11744 11864
1 2 11746 11810
1 2 11747 11784
1 2 11755 11824
1 2 11756 13221
3 2 11757 11795
3 2 11758 11769
1 2 11760 11776
1 2 11760 11791
1 2 11768 11805
1 2 11771 11808
1 2 11772 12570
1 2 11772 12642
1 2 11773 11874
1 2 11774 11905
1 2 11775 11828
1 2 11775 11896
3 2 11776 11791
1 2 11781 11850
3 2 11783 12054
2 2 11788 12418
1 2 11788 12577
1 2 11788 12646
1 2 11789 11800
1 2 11793 11821
1 2 11793 13225
3 2 11806 11809
3 2 11806 13227
1 2 11811 11829
3 2 11814 12765
1 2 11822 12043
1 2 11824 11874
1 2 11828 11896
3 2 11834 11849
1 2 11834 11875
1 2 11837 11998
1 2 11840 11843
1 2 11843 13219
3 2 11849 11877
1 2 11852 13233
1 2 11854 13220
1 2 11863 13224
1 2 11868 11887
1 2 11872 11899
1 2 11903 12337
1 2 11906 12482
1 2 11907 12016
1 2 11908 11989
1 2 11908 12072
1 2 11912 12011
1 2 11913 11982
1 2 11914 12068
3 2 11915 12040
1 2 11918 12014
1 2 11923 12760
1 2 11925 12006
3 2 11944 11996
1 2 11948 12085
1 2 11949 12032
1 2 11953 12034
1 2 11953 12051
1 2 11956 12038
3 2 11959 12027
1 2 11967 12033
1 2 11968 12010
1 2 11970 13383
1 2 11971 12418
1 2 11972 12705
1 2 11974 12044
1 2 11974 12099
1 2 11976 12455
3 2 11978 12462
3 2 11980 11996
1 2 11983 12023
1 2 11989 12007
1 2 11991 12059
1 2 12005 12822
1 2 12005 13403
1 2 12018 12842
1 2 12018 13074
1 2 12027 12068
1 2 12034 12888
1 2 12035 12307
1 2 12035 12452
3 2 12040 13410
1 2 12041 12844
1 2 12041 12868
1 2 12041 12876
1 2 12057 12084
3 2 12062 12078
3 2 12064 12648
1 2 12066 12098
1 2 12092 12743
1 2 12101 12455
1 2 12106 12584
3 2 12115 12143
1 2 12118 12153
1 2 12122 12220
2 2 12124 12673
1 2 12124 12676
1 2 12128 12242
1 2 12128 12270
1 2 12128 12298
1 2 12136 12263
1 2 12141 12819
1 2 12145 12685
1 2 12145 12688
1 2 12155 12183
1 2 12163 12474
1 2 12187 12527
1 2 12189 12192
1 2 12192 12263
1 2 12198 12227
1 2 12202 12459
1 2 12233 12474
1 2 12239 12248
1 2 12257 12285
1 2 12270 12298
1 2 12274 12767
1 2 12277 12293
1 2 12278 12582
1 2 12299 13376
1 2 12301 12875
1 2 12304 12477
1 2 12310 12483
3 2 12312 12357
3 2 12312 12368
1 2 12312 12456
1 2 12320 12380
1 2 12321 12494
1 2 12325 12353
1 2 12325 12470
1 2 12325 12498
1 2 12327 13380
1 2 12336 12496
1 2 12340 12397
1 2 12340 12640
1 2 12341 12410
1 2 12346 12463
3 2 12350 13143
1 2 12351 12364
1 2 12352 12421
3 2 12353 12381
1 2 12355 12412
1 2 12355 12482
3 2 12357 12456
1 2 12362 12664
1 2 12364 12379
1 2 12380 12441
1 2 12387 12416
1 2 12391 13372
1 2 12394 12409
1 2 12401 12486
1 2 12404 12449
1 2 12406 12435
1 2 12411 12424
1 2 12420 12854
1 2 12438 12972
1 2 12440 12468
1 2 12443 12500
1 2 12453 12468
1 2 12458 12489
1 2 12458 12778
1 2 12461 13215
1 2 12464 12492
1 2 12470 12498
1 2 12483 13143
1 2 12489 12778
1 2 12494 12998
1 2 12495 13143
1 2 12497 12697
1 2 12501 12670
1 2 12502 13076
1 2 12508 12571
3 2 12515 12528
1 2 12529 13197
1 2 12542 12672
3 2 12546 12616
3 2 12546 12679
1 2 12547 12692
1 2 12548 12618
1 2 12550 12693
1 2 12561 12633
1 2 12563 12691
1 2 12568 12709
1 2 12570 12642
1 2 12572 12585
1 2 12573 12699
1 2 12577 12646
1 2 12577 12667
2 2 12586 12646
1 2 12588 12597
1 2 12588 12693
1 2 12589 12692
1 2 12593 12636
1 2 12593 12663
1 2 12595 12666
1 2 12597 12693
1 2 12603 12663
1 2 12604 12617
1 2 12620 12667
1 2 12621 12691
1 2 12630 12700
1 2 12648 13393
1 2 12703 12845
1 2 12717 12763
1 2 12718 12844
1 2 12718 12876
1 2 12721 12835
1 2 12721 13088
1 2 12731 12900
1 2 12732 13380
1 2 12735 12803
1 2 12742 12787
1 2 12743 12829
1 2 12745 12827
1 2 12746 12873
1 2 12746 13089
1 2 12766 13250
1 2 12777 12786
1 2 12785 12843
1 2 12792 12876
1 2 12793 12861
1 2 12796 12826
1 2 12797 12882
1 2 12802 12858
1 2 12806 12881
1 2 12817 12900
1 2 12823 13093
1 2 12826 12881
1 2 12829 12886
1 2 12833 13215
1 2 12843 13212
1 2 12844 12876
1 2 12848 12893
1 2 12878 13087
1 2 12908 12986
1 2 12910 12918
1 2 12910 12924
1 2 12918 12924
1 2 12922 12943
1 2 12924 12932
3 2 12925 13365
1 2 12929 12989
1 2 12962 12990
1 2 12978 13309
1 2 12994 13301
1 2 12994 13302
1 2 13069 13091
1 2 13220 13233
1 2 13223 13225
3 2 13224 13229
1 2 13239 13249
1 2 13304 13310
1 2 13386 13388
1 2 13387 13390
1 2 13389 13390
1 2 13396 13397
